index,product_id,product_type,brand,weight,price,average_units_sold,year_added,stock_location
0,1,Bakery,TopBrand,602.61 grams,11,15,,C
1,2,Produce,SilverLake,478.26,8.08,22,2022,C
2,3,Produce,TastyTreat,532.38 grams,6.16,21,2018,B
3,4,Bakery,StandardYums,453.43 grams,7.26,21,2021,d
4,5,Produce,GoldTree,588.63,7.88,21,2020,a
5,6,Meat,TopBrand,612.06,16.2,24,2017,a
6,7,Produce,GoldTree,320.49,8.01,21,2019,B
7,8,Meat,SilverLake,535.19 grams,15.77,28,2021,a
8,9,Meat,StandardYums,375.07 grams,11.57,30,2020,a
9,10,Meat,TastyTreat,506.34,13.94,27,2018,C
10,11,Dairy,StandardYums,345.07,9.26,26,2020,b
11,12,Bakery,StandardYums,345.58,6.87,21,2022,D
12,13,Snacks,SmoothTaste,512.54 grams,8.65,19,2016,A
13,14,Meat,StandardYums,395.76 grams,11.92,30,2019,A
14,15,Produce,SilverLake,324.92,7.94,23,2021,D
15,16,Dairy,SmoothTaste,446.76,10.79,23,2017,D
16,17,Snacks,TastyTreat,252.85 grams,7.71,18,2016,D
17,18,Produce,SilverLake,530.09 grams,8.24,22,2015,A
18,19,Meat,TastyTreat,459.59,13.62,26,2021,B
19,20,Dairy,GoldTree,360.76,13.03,22,2019,b
20,21,Produce,SmoothTaste,392.9,5.5,21,2015,D
21,22,Produce,GoldTree,440.03,8.18,21,,d
22,23,Dairy,GoldTree,533.58,13.07,22,2021,C
23,24,Dairy,SmoothTaste,565.26,10.98,23,2018,A
24,25,Dairy,SilverLake,633.95 grams,12.81,24,,A
25,26,Produce,TopBrand,471.68,8.11,19,2017,A
26,27,Bakery,TopBrand,333.58,10.85,14,2015,B
27,28,Dairy,TopBrand,328.38,13.01,20,2022,d
28,29,Produce,TopBrand,551.03,8.18,19,,B
29,30,Produce,StandardYums,644.38 grams,5.18,26,2020,b
30,31,Dairy,TopBrand,509.83 grams,13.11,20,2021,C
31,32,Produce,SilverLake,424.53,7.78,22,2018,A
32,33,Snacks,YumMie,445.79,6.49,18,2017,D
33,34,Produce,SilverLake,439.91 grams,8.24,22,2015,C
34,35,Bakery,StandardYums,452.56,7.25,20,2015,A
35,36,Snacks,SmoothTaste,506.53,8.48,19,2020,A
36,37,Snacks,YumMie,299.46,5.81,18,2018,B
37,38,Produce,GoldTree,465.35,7.87,21,2018,A
38,39,Snacks,StandardYums,508.59,5.88,22,2019,D
39,40,Produce,TopBrand,551.32,7.97,19,,A
40,41,Dairy,StandardYums,490.93 grams,8.63,27,,c
41,42,Dairy,SilverLake,433.51,12.56,24,2022,A
42,43,Produce,GoldTree,591.3 grams,8.15,21,2018,A
43,44,Produce,TopBrand,401.76,7.77,19,2022,a
44,45,Bakery,GoldTree,635.66 grams,11.1,16,2017,A
45,46,Produce,GoldTree,545.98,7.85,21,2015,C
46,47,Dairy,TopBrand,592.92,12.86,20,2022,d
47,48,Bakery,StandardYums,568.98,7.72,21,2015,A
48,49,Produce,GoldTree,391.65 grams,7.95,21,,A
49,50,Dairy,GoldTree,548.67,12.75,22,2022,C
50,51,Snacks,TopBrand,511.65,10.25,16,2021,B
51,52,Meat,SilverLake,499.27 grams,15.87,27,2019,B
52,53,Meat,TopBrand,602.08 grams,15.99,23,2021,B
53,54,Bakery,YumMie,559.66 grams,7.01,16,2015,c
54,55,Produce,GoldTree,364.23 grams,7.99,21,2017,A
55,56,Bakery,-,453.29,8.59,17,2021,b
56,57,Meat,SmoothTaste,568.01,14.37,26,2015,D
57,58,Dairy,SmoothTaste,642.23,11.11,23,2022,C
58,59,Snacks,TastyTreat,585.91,7.83,18,2016,A
59,60,Bakery,SilverLake,456.33,11.88,18,2019,b
60,61,Produce,SilverLake,506.62 grams,7.93,22,2018,D
61,62,Meat,GoldTree,503,16.09,26,2019,D
62,63,Produce,TastyTreat,623.82,5.98,21,2021,B
63,64,Dairy,StandardYums,485.63,8.37,26,2022,D
64,65,Meat,SilverLake,498.59,15.89,27,2015,B
65,66,Meat,SilverLake,471.61,15.87,27,2019,C
66,67,Produce,GoldTree,502.6 grams,8.16,21,2016,D
67,68,Bakery,StandardYums,493.22 grams,6.99,21,2015,A
68,69,Produce,SmoothTaste,517.17,5.79,22,2019,D
69,70,Produce,SmoothTaste,353.63,5.72,22,2021,b
70,71,Meat,TopBrand,460.38,15.78,23,2016,D
71,72,Bakery,SmoothTaste,407.58,9.58,17,2018,C
72,73,Snacks,TastyTreat,509.69,8.21,18,2021,b
73,74,Produce,GoldTree,591.88 grams,8.1,21,2022,A
74,75,Produce,SmoothTaste,392.47,5.66,22,2020,B
75,76,Produce,SmoothTaste,429.28,5.61,22,2020,A
76,77,Meat,GoldTree,593.72 grams,16.34,25,2021,A
77,78,Produce,SmoothTaste,330.45 grams,6.1,22,2017,B
78,79,Dairy,SilverLake,469.69,12.86,23,2019,D
79,80,Meat,TopBrand,589.84 grams,16.03,24,2016,c
80,81,Bakery,YumMie,401.34 grams,6.85,16,2019,a
81,82,Meat,SilverLake,307.33,16.11,28,,B
82,83,Snacks,TastyTreat,469.84,8.31,18,2016,D
83,84,Meat,SmoothTaste,484.47 grams,14.63,26,2017,D
84,85,Bakery,TopBrand,406.6 grams,10.91,14,2020,B
85,86,Snacks,TastyTreat,597.46 grams,8.23,18,,D
86,87,Bakery,TopBrand,428.52,11.05,15,2018,a
87,88,Bakery,TastyTreat,591.73,8.38,16,2018,D
88,89,Produce,GoldTree,482.56,7.94,21,2016,b
89,90,Meat,SmoothTaste,480.59 grams,14.64,27,2019,c
90,91,Meat,SmoothTaste,533.11,13.58,26,2020,c
91,92,Bakery,StandardYums,494.64,6.87,21,2019,A
92,93,Bakery,StandardYums,515.04,6.77,22,2017,B
93,94,Produce,GoldTree,422.15 grams,8.2,21,2020,c
94,95,Produce,GoldTree,656.56,7.98,21,2019,D
95,96,Bakery,StandardYums,512.91 grams,7.24,21,2020,d
96,97,Meat,TastyTreat,446.41 grams,13.84,26,2021,C
97,98,Dairy,GoldTree,806.33 grams,13.14,22,2019,c
98,99,Snacks,YumMie,423.91 grams,6.4,18,2017,B
99,100,Bakery,StandardYums,505.7,6.6,21,,a
100,101,Bakery,TastyTreat,410.06,10.11,17,2022,b
101,102,Dairy,TastyTreat,576.97,11.12,22,2017,C
102,103,Produce,GoldTree,485.66,7.96,21,2019,D
103,104,Bakery,TastyTreat,581.52 grams,8.95,17,2020,A
104,105,Bakery,YumMie,487.64,6.87,16,2020,A
105,106,Dairy,SmoothTaste,624.07 grams,10.81,23,2021,B
106,107,Produce,SilverLake,583.44 grams,7.95,22,2022,A
107,108,Meat,TopBrand,755.03 grams,15.77,23,2020,B
108,109,Snacks,StandardYums,500.94 grams,5.74,22,2015,B
109,110,Produce,SilverLake,435.41,8.01,22,2015,D
110,111,Bakery,StandardYums,421.84,8.11,21,2018,A
111,112,Produce,TopBrand,439.22,8.1,19,2017,B
112,113,Meat,TastyTreat,541.37,14.4,26,2021,D
113,114,Produce,SilverLake,348.91 grams,7.58,23,2021,b
114,115,Dairy,SmoothTaste,635.72,11.06,23,2016,B
115,116,Dairy,StandardYums,473.15,8.87,26,2022,B
116,117,Bakery,StandardYums,315.15,6.58,20,2021,a
117,118,Bakery,SmoothTaste,533.97,8.75,18,2017,B
118,119,Bakery,TopBrand,551.27 grams,11.14,15,2022,B
119,120,Bakery,SmoothTaste,499.26 grams,8.53,17,2017,C
120,121,Snacks,TastyTreat,326.76,8.36,18,2016,D
121,122,Produce,TopBrand,582.3,8.01,19,2016,D
122,123,Dairy,GoldTree,409.23 grams,12.9,22,2018,B
123,124,Meat,GoldTree,657.51,15.87,26,2015,A
124,125,Dairy,SilverLake,710.8 grams,12.84,23,,a
125,126,Dairy,SmoothTaste,597.98,11.72,24,2019,C
126,127,Snacks,TopBrand,531.5 grams,10.12,16,,C
127,128,Produce,GoldTree,458.33,8.01,21,,B
128,129,Meat,StandardYums,445.3,11.48,30,,A
129,130,Produce,SmoothTaste,547.81,6.17,22,2020,D
130,131,Produce,StandardYums,614.52,6.52,25,,B
131,132,Produce,TastyTreat,608.52 grams,5.68,21,2017,c
132,133,Bakery,TastyTreat,549.72,9.62,19,2022,D
133,134,Produce,TopBrand,411.78,7.95,19,,B
134,135,Produce,TopBrand,442.41,8.14,19,2019,D
135,136,Snacks,StandardYums,638.43,6.02,22,2018,B
136,137,Meat,GoldTree,458.59,16.1,25,2016,B
137,138,Meat,StandardYums,541.56,11.79,31,2018,A
138,139,Bakery,SilverLake,560.36 grams,10.95,18,2016,C
139,140,Meat,TopBrand,595.01 grams,16.05,24,,A
140,141,Dairy,TopBrand,488.82,12.82,20,2016,A
141,142,Produce,GoldTree,601.69,8.08,21,2015,A
142,143,Produce,SilverLake,449.25,7.61,23,2022,C
143,144,Bakery,GoldTree,654.94,10.98,16,2017,c
144,145,Bakery,SilverLake,463.26,10.99,18,2018,C
145,146,Produce,TopBrand,234.22,8,19,2016,A
146,147,Snacks,StandardYums,545.98,6.37,23,2016,B
147,148,Bakery,TastyTreat,741.56,8.82,17,2020,D
148,149,Meat,GoldTree,530.92,16.12,25,2016,a
149,150,Snacks,StandardYums,540.12 grams,5.98,22,2020,A
150,151,Dairy,StandardYums,453.82,8.81,26,2017,D
151,152,Dairy,GoldTree,650.92,13,22,2017,C
152,153,Bakery,SilverLake,420.81,10.7,18,,A
153,154,Meat,SilverLake,650.06,16.98,27,,D
154,155,Produce,SilverLake,632.29,8.17,22,2017,B
155,156,Bakery,YumMie,454.11,7.19,16,2020,D
156,157,Produce,GoldTree,565.97,7.98,21,2021,D
157,158,Bakery,TopBrand,609.17,10.76,14,2022,A
158,159,Snacks,GoldTree,577.48,10.14,18,2015,d
159,160,Dairy,SilverLake,661.41,13.41,24,2016,d
160,161,Dairy,SmoothTaste,564.98,11.54,23,2019,A
161,162,Produce,GoldTree,600.46,7.86,21,2015,C
162,163,Meat,StandardYums,504.4 grams,12.05,30,2018,B
163,164,Bakery,TastyTreat,595.32 grams,8.85,17,2017,C
164,165,Meat,StandardYums,455.37,12.89,30,2020,A
165,166,Dairy,GoldTree,521.69,13.17,22,2018,C
166,167,Bakery,StandardYums,554.1,7.38,21,,c
167,168,Produce,GoldTree,604.41,8.1,21,2018,A
168,169,Snacks,YumMie,419,6.11,17,2019,a
169,170,Bakery,GoldTree,387.4,10.97,16,2022,d
170,171,Dairy,GoldTree,397.03,12.9,22,2016,A
171,172,Dairy,TopBrand,603.34,12.87,20,2019,D
172,173,Dairy,StandardYums,429.66,8.91,27,2020,A
173,174,Produce,SmoothTaste,413.13,5.63,22,2021,D
174,175,Meat,GoldTree,536.63,16.09,25,2019,a
175,176,Meat,SilverLake,558.29,15.81,27,2020,a
176,177,Meat,TopBrand,528.11,16.15,24,2018,A
177,178,Bakery,TastyTreat,569.66,8.91,16,2022,B
178,179,Produce,SilverLake,600.9,7.91,23,2020,D
179,180,Snacks,StandardYums,482.07,5.2,22,,D
180,181,Snacks,TopBrand,627.31,10.17,16,2019,D
181,182,Meat,SmoothTaste,543.14,13.88,26,2018,A
182,183,Produce,GoldTree,485.16,7.92,21,2020,B
183,184,Produce,GoldTree,594.13,7.9,21,2015,c
184,185,Dairy,SilverLake,519.19,12.88,23,2016,A
185,186,Produce,TopBrand,553.51 grams,7.98,19,2017,b
186,187,Meat,GoldTree,609.9,15.81,25,2019,A
187,188,Produce,SilverLake,725.64,7.82,22,2017,c
188,189,Meat,StandardYums,311.86,12.92,31,2021,C
189,190,Snacks,TastyTreat,458.84,8.49,18,2021,D
190,191,Dairy,SilverLake,360.63 grams,13.05,24,2016,b
191,192,Meat,SmoothTaste,468.48,14.28,28,2015,b
192,193,Produce,GoldTree,438.48 grams,7.84,21,2022,A
193,194,Produce,TastyTreat,414.27 grams,6.5,21,2021,C
194,195,Produce,SmoothTaste,427.73 grams,6.25,22,,B
195,196,Produce,TopBrand,594.65,7.99,19,2020,B
196,197,Dairy,TopBrand,431.35,12.75,20,2019,C
197,198,Meat,StandardYums,467.09,12.32,30,2017,B
198,199,Meat,SilverLake,485.88 grams,15.66,27,2021,B
199,200,Bakery,YumMie,614.85,7.36,16,2016,c
200,201,Meat,SilverLake,655.35,16.84,27,2016,A
201,202,Bakery,StandardYums,549.45 grams,6.95,20,2018,A
202,203,Snacks,TastyTreat,543.53 grams,7.92,18,2020,D
203,204,Produce,GoldTree,423.83,7.95,21,2016,B
204,205,Produce,GoldTree,481.88 grams,7.98,21,2019,C
205,206,Meat,GoldTree,624.79,16.02,25,,c
206,207,Meat,SilverLake,582.62,16.04,27,2019,C
207,208,Bakery,TastyTreat,384.7,8.73,18,2015,a
208,209,Bakery,TopBrand,581.73,11.03,14,2017,A
209,210,Bakery,TastyTreat,496.91 grams,9.48,16,2021,d
210,211,Bakery,StandardYums,252.9,6.74,22,2016,D
211,212,Dairy,TastyTreat,507.73,11.09,22,2020,A
212,213,Meat,TopBrand,588.49,16.59,24,2019,b
213,214,Snacks,YumMie,408.17,6.23,18,2019,b
214,215,Bakery,TopBrand,425.42,10.85,14,2017,A
215,216,Dairy,SilverLake,417.85,13.33,23,2015,D
216,217,Meat,SilverLake,607.39,15.97,27,2016,A
217,218,Produce,StandardYums,415.5 grams,4.47,27,2020,C
218,219,Dairy,TastyTreat,541.84,10.86,22,2017,a
219,220,Produce,GoldTree,586.86 grams,8,21,2018,C
220,221,Bakery,YumMie,427.91,7.1,16,2019,A
221,222,Produce,SmoothTaste,450.57 grams,5.56,21,2022,D
222,223,Bakery,TopBrand,643.81 grams,10.99,14,2019,a
223,224,Produce,TopBrand,508.29,8.5,19,2015,c
224,225,Bakery,SmoothTaste,598.32,8.61,17,2019,C
225,226,Bakery,SmoothTaste,462.24 grams,9.19,17,2018,b
226,227,Dairy,SilverLake,538.99,13.43,23,2015,b
227,228,Bakery,TastyTreat,520.67,8.78,17,2018,A
228,229,Meat,YumMie,420.59 grams,12.04,25,2021,B
229,230,Bakery,StandardYums,380.11 grams,6.72,21,2022,B
230,231,Produce,StandardYums,389.4 grams,3.91,25,2021,A
231,232,Meat,GoldTree,481.55,16.01,25,2021,A
232,233,Produce,SilverLake,367.84,7.58,23,2017,c
233,234,Dairy,SmoothTaste,331.19,11.06,23,2021,a
234,235,Bakery,SmoothTaste,557.87,9.57,18,2021,B
235,236,Produce,SilverLake,652.71,7.91,22,2021,D
236,237,Produce,SmoothTaste,634.98,5.76,22,2022,D
237,238,Dairy,TopBrand,623.76,12.64,20,2022,D
238,239,Produce,GoldTree,388.75 grams,7.98,21,2016,A
239,240,Meat,SmoothTaste,586.92,13.75,27,2022,C
240,241,Dairy,TopBrand,532.7,13.36,21,2017,d
241,242,Meat,TastyTreat,379.44,14.12,25,2022,c
242,243,Snacks,TopBrand,483.09,9.95,16,2022,B
243,244,Produce,GoldTree,534.95 grams,7.82,21,2020,a
244,245,Bakery,TastyTreat,313.71,8.51,17,2015,B
245,246,Meat,GoldTree,667.53 grams,15.84,25,,A
246,247,Bakery,GoldTree,608.96,11.03,16,,B
247,248,Dairy,SilverLake,406.22 grams,13.01,24,2019,D
248,249,Dairy,StandardYums,592.29 grams,10.16,27,2020,A
249,250,Dairy,TastyTreat,436.55 grams,11.17,22,2022,b
250,251,Produce,TastyTreat,403.38,5.53,21,2021,b
251,252,Produce,StandardYums,314.33,3.89,25,,D
252,253,Produce,SilverLake,548.44,8.05,23,2019,d
253,254,Meat,TastyTreat,515.32,14.02,26,2019,D
254,255,Produce,GoldTree,554.99 grams,7.86,21,2019,C
255,256,Meat,TopBrand,545.09,16.02,24,2021,b
256,257,Produce,-,425.05,7.87,23,2016,A
257,258,Meat,GoldTree,385.64,16.12,26,2017,C
258,259,Dairy,SmoothTaste,410.5,11.49,23,2015,B
259,260,Bakery,GoldTree,500.71,11,16,2020,a
260,261,Dairy,TastyTreat,565.03 grams,10.51,22,2018,D
261,262,Snacks,TastyTreat,516.43 grams,7.74,19,2017,D
262,263,Meat,TastyTreat,581.49,14.39,26,2018,b
263,264,Meat,TopBrand,669.59 grams,15.88,24,2020,C
264,265,Bakery,TastyTreat,537.19 grams,9.14,17,2019,D
265,266,Dairy,TastyTreat,498.14,10.94,22,2021,A
266,267,Produce,SmoothTaste,417.58,5.56,22,,a
267,268,Bakery,StandardYums,579.37,7.06,21,2016,a
268,269,Produce,YumMie,538.12,4.08,21,2021,c
269,270,Dairy,StandardYums,409.56,8.43,26,2022,b
270,271,Meat,TopBrand,440.14,16.08,23,2021,B
271,272,Produce,SmoothTaste,562.68,6.29,21,2018,A
272,273,Produce,TastyTreat,331.87 grams,5.77,22,2019,b
273,274,Meat,GoldTree,461.45,16.07,26,2022,C
274,275,Dairy,SmoothTaste,358.22,11.1,23,,a
275,276,Snacks,SmoothTaste,539.47,9.05,19,2020,C
276,277,Bakery,TastyTreat,411.67,10.44,17,2020,B
277,278,Produce,SmoothTaste,493.42,5.96,22,2015,D
278,279,Bakery,TopBrand,482.86,10.74,14,2019,A
279,280,Meat,StandardYums,431.98 grams,12.26,30,,B
280,281,Produce,SmoothTaste,460.94 grams,5.9,23,2015,A
281,282,Bakery,GoldTree,475.33,11.17,16,2022,D
282,283,Produce,SilverLake,680.89 grams,7.95,23,2019,a
283,284,Produce,SilverLake,573.37,7.83,23,2017,D
284,285,Snacks,TastyTreat,591.22,8.09,18,2016,B
285,286,Bakery,TopBrand,601.96,11.02,14,2015,C
286,287,Dairy,SilverLake,726.95,13.37,23,2015,D
287,288,Bakery,SmoothTaste,540.2,9.74,17,2022,D
288,289,Meat,GoldTree,584.94 grams,16.22,25,2022,B
289,290,Bakery,TastyTreat,480.79,9.19,17,2020,b
290,291,Meat,TastyTreat,537.87,13.6,26,2016,a
291,292,Meat,TastyTreat,390.76 grams,15.27,26,2017,D
292,293,Dairy,YumMie,697.9,9.07,22,2021,B
293,294,Bakery,TastyTreat,456.77,9.3,18,2022,B
294,295,Bakery,GoldTree,528.46,11.1,16,2022,A
295,296,Dairy,SilverLake,470.47,12.86,23,,b
296,297,Meat,StandardYums,497.55,11.86,30,2015,B
297,298,Snacks,TastyTreat,442.93 grams,8.19,18,2016,B
298,299,Snacks,YumMie,477.15,5.86,18,,c
299,300,Dairy,TastyTreat,458.44,10.75,23,2018,A
300,301,Meat,SmoothTaste,595.67,14.24,27,2018,c
301,302,Bakery,TastyTreat,472.99,9.18,17,,c
302,303,Meat,StandardYums,378.89,11.95,30,2015,D
303,304,Produce,StandardYums,471.03 grams,4.22,25,,c
304,305,Bakery,TastyTreat,530.72 grams,8.96,16,2021,b
305,306,Bakery,TopBrand,525.13 grams,10.8,14,2021,D
306,307,Meat,StandardYums,605.06,12.52,31,2022,b
307,308,Dairy,YumMie,577.78,8.95,22,,B
308,309,Produce,GoldTree,606.12,8.09,21,2022,D
309,310,Meat,TopBrand,649.15 grams,16.15,24,2015,a
310,311,Bakery,StandardYums,608.32,6.87,20,2019,C
311,312,Dairy,SilverLake,481.37,12.85,24,2018,C
312,313,Dairy,StandardYums,467.57,8.97,26,2022,d
313,314,Dairy,TastyTreat,592.27 grams,11.15,22,2015,b
314,315,Produce,GoldTree,579.97,7.97,21,2018,C
315,316,Produce,GoldTree,541.7,7.84,21,,D
316,317,Bakery,StandardYums,570.87,6.69,21,2022,C
317,318,Dairy,StandardYums,317.4,8.93,26,2020,D
318,319,Meat,GoldTree,548.89 grams,16.17,26,2017,d
319,320,Produce,GoldTree,440.09,8.02,21,2022,A
320,321,Meat,SmoothTaste,390.28 grams,14.26,26,2015,d
321,322,Produce,SmoothTaste,530.01,5.97,22,2019,c
322,323,Produce,SilverLake,431.25,8.25,23,2019,A
323,324,Produce,SilverLake,473.15,7.93,22,2018,B
324,325,Meat,GoldTree,639.9 grams,16.01,26,,C
325,326,Produce,TopBrand,370.59,8.46,19,2015,D
326,327,Meat,TopBrand,512.69,15.88,24,,b
327,328,Meat,GoldTree,478.59 grams,16.12,26,2015,A
328,329,Produce,TopBrand,462.55,8.1,19,2016,b
329,330,Bakery,StandardYums,375.21,6.95,21,2022,C
330,331,Produce,-,391.71,8.09,21,2021,B
331,332,Dairy,TastyTreat,461.98,11.13,22,2015,C
332,333,Meat,StandardYums,516.59,11.85,30,2020,B
333,334,Produce,TopBrand,658.41,8,18,2018,A
334,335,Meat,GoldTree,392.56,15.91,25,2017,D
335,336,Produce,TopBrand,448.65,7.98,19,2017,c
336,337,Dairy,GoldTree,580.48,12.99,22,2021,D
337,338,Bakery,TopBrand,559.48,11.11,15,2018,B
338,339,Bakery,TopBrand,317.57,11.26,15,2022,a
339,340,Meat,GoldTree,722.01,16.09,25,2022,c
340,341,Dairy,TopBrand,417.19,13.12,20,2017,d
341,342,Dairy,YumMie,494.42,8.83,22,2021,A
342,343,Produce,GoldTree,526.8,8.33,21,2019,A
343,344,Bakery,TopBrand,389.96 grams,10.77,14,2021,C
344,345,Dairy,TastyTreat,512.44,11,23,2015,B
345,346,Produce,GoldTree,767.9,8.05,21,2022,C
346,347,Produce,SilverLake,448.58,8.78,22,2020,C
347,348,Dairy,StandardYums,559.85,8.73,27,2017,C
348,349,Meat,TopBrand,551.94,15.62,23,2019,C
349,350,Bakery,TopBrand,457.15 grams,10.87,14,2022,C
350,351,Produce,TastyTreat,549.93,6,21,2015,A
351,352,Produce,TopBrand,488.93,7.91,19,,C
352,353,Bakery,SmoothTaste,468.71,8.51,17,2019,C
353,354,Dairy,SilverLake,412.62,13.06,24,2021,d
354,355,Produce,SilverLake,465.21 grams,7.8,23,2020,c
355,356,Meat,SilverLake,600.58 grams,15.98,27,2020,b
356,357,Meat,StandardYums,502.55,12.71,30,2018,C
357,358,Meat,TopBrand,501.26,15.8,23,2022,B
358,359,Bakery,TastyTreat,552,8.84,17,2018,B
359,360,Bakery,TastyTreat,480.81 grams,9.1,16,2020,A
360,361,Meat,GoldTree,631.67,15.99,26,2016,C
361,362,Meat,GoldTree,421.2 grams,15.89,26,2016,b
362,363,Produce,GoldTree,547.56,7.93,21,2020,C
363,364,Dairy,StandardYums,558.27,8.57,26,2022,d
364,365,Dairy,SilverLake,484.54,12.74,23,2022,D
365,366,Bakery,GoldTree,474.07 grams,11.15,16,,B
366,367,Bakery,StandardYums,477.89,7.12,22,2019,b
367,368,Produce,-,543.87,7.96,21,2015,D
368,369,Dairy,TastyTreat,483.28 grams,10.9,23,2017,A
369,370,Snacks,TastyTreat,592.79,7.6,19,2015,D
370,371,Dairy,-,360.31 grams,10.41,22,2022,B
371,372,Produce,GoldTree,514.04,7.91,21,2015,B
372,373,Produce,SilverLake,472.55 grams,8.07,22,2020,A
373,374,Produce,SmoothTaste,339.33,6.24,21,2017,C
374,375,Bakery,TopBrand,583.26 grams,11.38,14,2018,A
375,376,Bakery,SmoothTaste,505.65,9.39,17,2021,B
376,377,Dairy,YumMie,334.73,9.16,22,2021,c
377,378,Bakery,YumMie,640.7 grams,6.92,16,2021,D
378,379,Produce,GoldTree,594.87 grams,8.02,21,,A
379,380,Dairy,SilverLake,644.56,12.83,24,,D
380,381,Produce,GoldTree,542.83 grams,7.89,21,2019,B
381,382,Bakery,GoldTree,650.76,11.05,16,2016,b
382,383,Produce,SilverLake,374.59 grams,7.71,22,2020,C
383,384,Dairy,StandardYums,504.26,9.25,28,2016,B
384,385,Meat,SmoothTaste,541.26 grams,13.56,27,2015,D
385,386,Bakery,StandardYums,487.71,7.16,21,2021,B
386,387,Dairy,SilverLake,622.05 grams,13.08,23,2022,A
387,388,Produce,GoldTree,522.61,7.81,21,2018,D
388,389,Bakery,StandardYums,495.55 grams,6.79,21,2015,B
389,390,Meat,SilverLake,602.26 grams,16.06,27,2020,D
390,391,Bakery,StandardYums,513.38,6.94,21,2022,a
391,392,Bakery,StandardYums,329.37 grams,6.96,20,,B
392,393,Dairy,GoldTree,380.7 grams,12.81,22,2016,B
393,394,Dairy,SmoothTaste,438.29,10.77,22,2020,c
394,395,Meat,SilverLake,684.24,16.05,27,2021,C
395,396,Bakery,SmoothTaste,354.76,9.38,17,2015,A
396,397,Produce,TopBrand,546.21,8.47,19,2021,A
397,398,Produce,GoldTree,396.13 grams,7.76,21,2016,A
398,399,Produce,TastyTreat,544.35,5.65,21,,c
399,400,Dairy,SilverLake,551.36,12.68,23,2019,C
400,401,Dairy,GoldTree,411.33,12.95,22,2016,D
401,402,Bakery,StandardYums,538.06,6.94,21,2017,B
402,403,Snacks,GoldTree,435.62 grams,9.99,18,2017,C
403,404,Snacks,TopBrand,700.35 grams,9.84,16,2018,b
404,405,Produce,SilverLake,463.19,7.87,23,2020,D
405,406,Bakery,SmoothTaste,503.79 grams,8.57,17,2020,B
406,407,Produce,-,506.11,8.53,23,2021,A
407,408,Bakery,TastyTreat,529.89,8.79,17,2021,B
408,409,Bakery,GoldTree,338.54,10.78,16,2022,c
409,410,Produce,TopBrand,598.44 grams,8.03,19,2018,D
410,411,Snacks,SilverLake,301.83,10.24,19,2018,A
411,412,Snacks,StandardYums,461.92,5.81,22,2019,A
412,413,Dairy,SilverLake,431.07,12.82,23,2016,A
413,414,Bakery,StandardYums,406.05,6.92,21,2017,A
414,415,Produce,SilverLake,287.1,8.63,22,2015,d
415,416,Produce,TastyTreat,435.19,5.76,21,2016,d
416,417,Bakery,SmoothTaste,390.88 grams,8.82,18,2021,A
417,418,Bakery,SmoothTaste,715.17,8.69,17,2019,c
418,419,Dairy,GoldTree,580.42,12.84,22,2022,B
419,420,Meat,SilverLake,693.59,16.01,27,2018,B
420,421,Bakery,SilverLake,650.79,10.74,18,2021,d
421,422,Dairy,TopBrand,233.93,12.99,20,2019,D
422,423,Snacks,YumMie,489.53,6.19,18,2021,C
423,424,Produce,GoldTree,480.8 grams,8.01,21,2022,b
424,425,Bakery,SilverLake,604.57,11.19,18,2019,c
425,426,Snacks,YumMie,517.98,6.14,18,2022,C
426,427,Bakery,TopBrand,421,11.68,15,,b
427,428,Produce,SmoothTaste,648.47 grams,5.58,22,2016,B
428,429,Produce,GoldTree,352.26,7.95,21,2021,C
429,430,Dairy,SilverLake,578.71,12.87,23,2016,D
430,431,Meat,TopBrand,508.65,15.78,23,2015,d
431,432,Bakery,SilverLake,613.24,10.88,18,2019,D
432,433,Dairy,TopBrand,457.31 grams,12.79,20,2017,b
433,434,Dairy,TopBrand,499.6,13.36,20,2018,c
434,435,Produce,GoldTree,443.55 grams,8.09,21,2020,D
435,436,Snacks,GoldTree,501.16 grams,10.04,18,2019,B
436,437,Produce,TopBrand,485.51,7.97,19,2015,A
437,438,Meat,GoldTree,493.47,16.03,26,2020,C
438,439,Dairy,SmoothTaste,454.11,10.9,23,2019,b
439,440,Dairy,GoldTree,629.7 grams,13.12,22,2016,C
440,441,Produce,SilverLake,459.02,8.03,23,2021,b
441,442,Produce,StandardYums,653.23,4.75,26,2017,C
442,443,Produce,SmoothTaste,333.53,6.37,22,2022,A
443,444,Produce,GoldTree,555.42,7.97,21,,C
444,445,Produce,GoldTree,492.96,8.13,21,,B
445,446,Produce,TastyTreat,380.6,5.93,21,2019,A
446,447,Bakery,SmoothTaste,502.73 grams,8.84,17,2015,B
447,448,Dairy,TopBrand,590.39,12.79,20,2020,c
448,449,Snacks,YumMie,118.57,5.97,18,2015,c
449,450,Snacks,TastyTreat,644.19,7.62,19,,D
450,451,Bakery,TastyTreat,497 grams,9.04,18,2017,b
451,452,Produce,GoldTree,591.45 grams,8.05,21,2015,D
452,453,Snacks,YumMie,411.38,5.84,18,2015,A
453,454,Bakery,StandardYums,425.54,7.13,21,2021,D
454,455,Bakery,TopBrand,616.32 grams,10.87,14,2020,D
455,456,Snacks,SmoothTaste,568.2,7.86,18,2019,D
456,457,Bakery,GoldTree,522.51 grams,11.08,16,2016,a
457,458,Produce,SilverLake,355.94,7.93,22,2018,D
458,459,Produce,TopBrand,387.92 grams,7.8,19,2020,D
459,460,Produce,TopBrand,530.42,7.92,19,2017,D
460,461,Dairy,TastyTreat,289.37 grams,10.62,23,2019,B
461,462,Dairy,TopBrand,505.88,12.7,20,2017,D
462,463,Snacks,StandardYums,613.87,6.14,23,2017,D
463,464,Dairy,TastyTreat,367.77 grams,10.96,22,2022,B
464,465,Meat,TopBrand,541.06,16.02,23,2017,b
465,466,Dairy,StandardYums,535.39,9.01,27,2022,A
466,467,Produce,SmoothTaste,548.94 grams,5.77,22,2021,A
467,468,Bakery,SilverLake,235.25,11.02,18,2018,c
468,469,Meat,SilverLake,488.54,16.03,28,2016,B
469,470,Dairy,YumMie,499.38,8.93,22,2019,B
470,471,Bakery,SilverLake,447.84,11.27,18,2021,B
471,472,Produce,GoldTree,365.27 grams,8.08,21,2020,c
472,473,Produce,GoldTree,548.22,7.87,21,,d
473,474,Dairy,StandardYums,567.46,9.68,27,,D
474,475,Bakery,StandardYums,493.61,7.7,21,2020,c
475,476,Snacks,YumMie,423.82 grams,6.22,18,2022,b
476,477,Bakery,SilverLake,645.27,11.19,18,2019,b
477,478,Dairy,TastyTreat,483.15 grams,10.88,22,2015,b
478,479,Dairy,SilverLake,275.57,13.04,24,,A
479,480,Meat,StandardYums,455.41,12.1,31,2021,D
480,481,Bakery,StandardYums,465.68,8.26,21,2019,d
481,482,Produce,StandardYums,500.81 grams,4.69,26,2019,B
482,483,Produce,SmoothTaste,757.88,6.04,22,2022,C
483,484,Bakery,YumMie,562.48,7.34,16,2021,d
484,485,Meat,SilverLake,371.49,15.87,27,2019,B
485,486,Bakery,SilverLake,598.78,10.67,18,2022,c
486,487,Meat,SilverLake,573.57,15.77,27,,b
487,488,Bakery,YumMie,501.98,7.19,16,,C
488,489,Produce,GoldTree,444.1 grams,7.86,21,2022,a
489,490,Bakery,StandardYums,577.85,7.18,22,2019,C
490,491,Bakery,StandardYums,468.34,6.56,21,2019,C
491,492,Produce,GoldTree,469.15 grams,8.01,21,2015,D
492,493,Meat,TopBrand,419.86 grams,15.69,23,2020,B
493,494,Produce,GoldTree,508.75,8.01,21,2020,C
494,495,Meat,-,423.94,15.89,24,2019,a
495,496,Produce,StandardYums,463.63,5.14,25,2018,b
496,497,Dairy,-,310.78 grams,11.05,23,2021,C
497,498,Bakery,StandardYums,467.13,6.53,21,2018,b
498,499,Meat,SilverLake,620.59,15.93,27,2016,c
499,500,Produce,GoldTree,787.96 grams,8.05,21,2021,d
500,501,Bakery,-,688.01,8.98,17,2022,B
501,502,Produce,GoldTree,562.57,8,21,2022,a
502,503,Meat,SilverLake,579.54,16.4,27,2016,D
503,504,Dairy,StandardYums,372.23 grams,9.2,26,2020,a
504,505,Snacks,YumMie,388.77,6.09,18,2021,C
505,506,Bakery,StandardYums,589.56 grams,6.86,21,2018,B
506,507,Dairy,YumMie,416.09,9.05,22,2021,d
507,508,Snacks,SmoothTaste,482.2 grams,7.58,19,2021,A
508,509,Produce,SilverLake,600.68,7.94,22,2022,A
509,510,Meat,StandardYums,485.79 grams,12.38,31,2016,A
510,511,Bakery,StandardYums,486.41,7.1,20,2022,d
511,512,Meat,GoldTree,630.38 grams,16.01,26,2016,C
512,513,Meat,TastyTreat,522.49 grams,14.04,26,,C
513,514,Bakery,StandardYums,359.45 grams,7.18,21,2015,C
514,515,Bakery,TastyTreat,719.67,9.3,17,2019,c
515,516,Bakery,GoldTree,346.73,11.08,16,2022,A
516,517,Bakery,TastyTreat,458.09,8.66,16,2017,B
517,518,Produce,GoldTree,567.6 grams,8,21,2017,b
518,519,Meat,SilverLake,581.49,16.03,27,2016,C
519,520,Dairy,SilverLake,523.34,12.93,23,2020,A
520,521,Produce,TastyTreat,484.39,6.33,21,2017,A
521,522,Produce,GoldTree,350.64 grams,8.03,21,2020,C
522,523,Bakery,GoldTree,565.71,10.79,16,2022,a
523,524,Bakery,StandardYums,507.27,6.52,21,2022,A
524,525,Meat,TastyTreat,516.01,13.7,26,2021,a
525,526,Meat,TastyTreat,463.01,13.77,27,2015,B
526,527,Produce,GoldTree,267.75 grams,7.93,21,2016,A
527,1056,Meat,-,457.53,16.1,25,,a
528,528,Dairy,SmoothTaste,637.46,10.82,23,2017,b
529,529,Produce,SmoothTaste,527.38 grams,5.6,22,2017,B
530,530,Bakery,TastyTreat,474.4,9.11,17,2015,A
531,531,Produce,GoldTree,560.35,8.09,21,2018,A
532,532,Snacks,StandardYums,624.69,6.56,22,2020,D
533,533,Dairy,GoldTree,525.38,13.06,22,2016,C
534,534,Meat,SilverLake,437.2,16.46,27,2015,d
535,535,Bakery,SmoothTaste,290,8.58,17,2015,a
536,536,Produce,GoldTree,515.82,7.96,21,2019,D
537,537,Dairy,SmoothTaste,309.46,10.73,23,2016,C
538,538,Meat,TopBrand,559.52,15.97,24,2021,C
539,539,Produce,GoldTree,490.33,7.86,21,2017,c
540,540,Bakery,TastyTreat,583.29,8.73,16,2021,a
541,541,Bakery,TastyTreat,347.71,8.94,17,2020,D
542,542,Produce,GoldTree,513.37,8,21,2017,B
543,543,Produce,GoldTree,511.76,8.05,21,2019,A
544,544,Produce,GoldTree,527.47,8.01,21,2018,D
545,545,Meat,StandardYums,526.59 grams,13.14,30,2017,b
546,546,Produce,GoldTree,637.51,8.1,21,,B
547,547,Produce,GoldTree,480.86,8.07,21,2019,c
548,548,Produce,GoldTree,615.81,7.87,21,2016,B
549,549,Meat,-,660.35,13.81,26,2017,D
550,550,Bakery,YumMie,422.59,7.02,16,2021,D
551,551,Dairy,TopBrand,203.14,12.61,20,,A
552,552,Dairy,TastyTreat,600.86,10.9,22,2017,d
553,553,Produce,SilverLake,695.27,7.75,22,2015,A
554,554,Produce,SilverLake,467.61 grams,7.87,23,,a
555,555,Meat,StandardYums,573.35,11.81,30,2018,c
556,556,Dairy,SmoothTaste,423.71,10.53,23,2016,D
557,557,Snacks,YumMie,581.47,6.42,18,2021,A
558,558,Meat,SilverLake,324.7,16.44,27,2020,C
559,559,Bakery,StandardYums,630.31,7.53,22,2020,B
560,560,Snacks,TastyTreat,691.97,8.2,18,2019,C
561,561,Dairy,StandardYums,536.44,8.68,26,2022,A
562,562,Dairy,SmoothTaste,539.12,11.41,23,,b
563,563,Produce,TopBrand,527.59 grams,8.17,19,2018,a
564,564,Meat,SilverLake,641.31 grams,16.13,27,2015,b
565,565,Dairy,TastyTreat,557.99,11.34,23,2020,B
566,566,Produce,GoldTree,587.46,7.93,21,,a
567,567,Produce,SilverLake,300.67,8.27,22,2015,b
568,568,Dairy,TastyTreat,674.53,11.36,22,2016,A
569,569,Produce,SmoothTaste,382.49,5.69,22,2020,a
570,570,Dairy,GoldTree,563.56,13.09,22,2017,C
571,571,Bakery,StandardYums,434.02,6.33,21,2022,D
572,572,Meat,GoldTree,584.64 grams,15.89,25,2020,b
573,573,Bakery,TastyTreat,498.4,9.37,17,2019,A
574,574,Bakery,SmoothTaste,504.92,9.13,17,2022,D
575,575,Meat,TastyTreat,514.88,14.63,26,2022,B
576,576,Meat,GoldTree,582.81 grams,16.27,25,2016,C
577,577,Bakery,TastyTreat,374.77,9.25,17,2019,d
578,578,Bakery,YumMie,556.94,6.98,16,,A
579,579,Dairy,SilverLake,541.83 grams,12.77,23,2019,D
580,580,Dairy,SilverLake,722.27,12.88,23,,a
581,581,Produce,SilverLake,455.38,7.91,23,2022,D
582,582,Meat,YumMie,529.17,11.94,25,2021,C
583,583,Meat,TastyTreat,314.46 grams,13.86,26,,D
584,584,Bakery,TopBrand,427.54 grams,10.92,15,2021,C
585,585,Meat,TopBrand,659.3,15.85,24,2019,d
586,586,Produce,GoldTree,509.61,8.05,21,2018,a
587,587,Dairy,TopBrand,546.89,13.15,20,2016,D
588,588,Bakery,TastyTreat,520.19,8.89,17,2015,B
589,589,Bakery,SilverLake,425.45,10.7,18,2017,d
590,590,Snacks,SilverLake,357.77,9.72,20,2020,A
591,591,Dairy,GoldTree,363.53 grams,12.98,22,2022,C
592,592,Produce,GoldTree,544.31,8.07,21,2018,B
593,593,Meat,SilverLake,645.71,16.08,27,2015,B
594,594,Dairy,GoldTree,637.37 grams,13.14,22,2020,C
595,595,Bakery,YumMie,435.59,6.77,16,,D
596,596,Produce,StandardYums,202.86,3.93,25,2015,A
597,597,Dairy,SilverLake,571.55,13.48,23,2021,b
598,598,Produce,SmoothTaste,408.06,7.54,22,2021,A
599,599,Meat,SilverLake,642.77,16.29,27,2015,B
600,600,Meat,SmoothTaste,554.82,13.58,26,2018,C
601,601,Produce,GoldTree,634.02 grams,7.99,21,2015,C
602,602,Meat,TastyTreat,537.58 grams,15.69,27,2016,c
603,603,Dairy,TastyTreat,552.18,11.88,22,2018,B
604,604,Snacks,TastyTreat,499.4 grams,7.94,18,2018,C
605,605,Produce,StandardYums,374.87 grams,3.78,25,2018,D
606,606,Snacks,TastyTreat,401.87 grams,7.94,18,2019,a
607,607,Meat,TastyTreat,423.35,13.88,25,2021,c
608,608,Produce,GoldTree,437.93 grams,7.91,21,2016,D
609,609,Produce,TopBrand,457.48,8.53,19,,D
610,610,Meat,TastyTreat,546.97,13.89,26,2018,a
611,611,Meat,SilverLake,499.41,16,27,2015,C
612,612,Bakery,YumMie,491.41,6.8,16,,b
613,613,Snacks,YumMie,615.11,6.33,18,2016,D
614,614,Dairy,TastyTreat,505.02,10.68,22,2015,b
615,615,Dairy,TastyTreat,539.8 grams,11.16,23,2019,C
616,616,Dairy,StandardYums,603.95,8.53,26,2017,b
617,617,Dairy,SilverLake,389.93,12.82,24,2015,b
618,618,Dairy,GoldTree,619.42,13.02,22,2017,A
619,619,Meat,TopBrand,663.21 grams,16.17,24,2015,C
620,620,Snacks,StandardYums,664.74 grams,6.86,22,2021,A
621,621,Snacks,YumMie,629.94,6.34,17,2015,b
622,622,Produce,GoldTree,454.51 grams,7.97,21,2018,C
623,623,Meat,TastyTreat,566.73,14.12,26,2015,C
624,624,Dairy,GoldTree,652.69 grams,12.9,22,2015,B
625,625,Produce,TastyTreat,548.5,5.64,21,2021,D
626,626,Produce,YumMie,463.66 grams,4.35,21,2020,a
627,627,Produce,TastyTreat,456.71,5.53,22,2016,C
628,628,Snacks,StandardYums,480.42 grams,6.57,22,2017,c
629,629,Produce,-,424.94 grams,8.3,21,2020,A
630,630,Bakery,SilverLake,486.24 grams,11.03,18,2015,A
631,631,Meat,YumMie,483.85 grams,12.05,25,2020,B
632,632,Produce,GoldTree,509.87 grams,7.84,21,2021,C
633,633,Produce,GoldTree,659.29,8.09,21,2022,d
634,634,Produce,SmoothTaste,422.65,6.05,22,2021,a
635,635,Produce,SmoothTaste,472.74,6.36,23,2021,B
636,636,Produce,TopBrand,532.71,7.8,19,,b
637,637,Dairy,TopBrand,686.56 grams,13.28,20,2020,D
638,638,Bakery,YumMie,571.34 grams,6.88,16,2016,D
639,639,Produce,GoldTree,463.11,8.04,21,2021,c
640,640,Snacks,TopBrand,465.39 grams,10.28,16,2019,d
641,641,Meat,SilverLake,545.38,15.98,27,2016,C
642,642,Produce,GoldTree,499.97,8,21,2020,D
643,643,Produce,GoldTree,578.03 grams,7.97,21,2018,D
644,644,Bakery,StandardYums,515.87,8.24,21,2021,D
645,645,Dairy,StandardYums,208.23,8.42,26,2021,b
646,646,Meat,SilverLake,543.97,15.98,27,,D
647,647,Meat,GoldTree,515.63,15.99,26,2022,B
648,648,Dairy,SilverLake,517.09,13.44,23,2015,B
649,649,Meat,TopBrand,405.93,16.17,23,,D
650,650,Produce,TopBrand,445.05,8.12,19,2016,C
651,651,Meat,TopBrand,472.6,16.05,23,2019,A
652,652,Meat,TastyTreat,308.03 grams,13.52,26,2022,D
653,653,Dairy,TastyTreat,654.71,11.68,22,2020,c
654,654,Bakery,SmoothTaste,580.52 grams,8.79,18,2015,C
655,655,Produce,StandardYums,418.08,4.04,25,2015,c
656,656,Bakery,GoldTree,474.36,10.94,16,2021,a
657,657,Dairy,GoldTree,593.62 grams,12.94,22,2020,A
658,658,Meat,SmoothTaste,415.22 grams,14.38,26,2016,A
659,659,Produce,TastyTreat,671.09,5.6,21,,B
660,660,Produce,SilverLake,496.16,7.88,22,2015,b
661,661,Produce,GoldTree,536.9,7.91,21,2018,b
662,662,Bakery,TastyTreat,759.76 grams,9.36,17,2016,D
663,663,Meat,SmoothTaste,394.05,14.51,26,2015,a
664,664,Produce,SilverLake,522.37 grams,8,23,2018,C
665,665,Meat,GoldTree,371.65 grams,15.9,26,2016,c
666,666,Produce,GoldTree,522.06 grams,8.01,21,2018,C
667,667,Dairy,TastyTreat,625.38 grams,10.71,23,2022,C
668,668,Produce,TopBrand,488.36,7.94,19,2020,A
669,669,Produce,TopBrand,375.86,8.05,19,,B
670,670,Produce,GoldTree,556.01,7.88,21,2016,C
671,671,Dairy,StandardYums,659.85 grams,8.84,27,2020,B
672,672,Produce,GoldTree,796.02 grams,8.08,21,2016,D
673,673,Produce,StandardYums,496.08,3.83,26,2019,b
674,674,Produce,GoldTree,467.04,8.12,21,2018,B
675,675,Meat,SmoothTaste,428.96,14.1,26,2021,A
676,676,Bakery,TopBrand,551.4 grams,11.01,14,2017,d
677,677,Snacks,TastyTreat,504.68,8.36,18,2018,C
678,678,Produce,GoldTree,583.56,8.1,21,2018,d
679,679,Produce,GoldTree,404.3,8.13,21,2019,c
680,680,Dairy,SmoothTaste,496.24 grams,10.92,24,2021,B
681,681,Meat,SmoothTaste,434.05 grams,14.71,27,2016,b
682,682,Meat,SmoothTaste,486.81,13.96,26,2015,A
683,683,Bakery,TopBrand,506.82,10.78,15,2017,B
684,684,Bakery,SilverLake,560.17,11.02,18,2018,d
685,685,Snacks,StandardYums,456.38,5.98,23,2021,A
686,686,Produce,SmoothTaste,455.02,6.24,22,2019,a
687,687,Produce,StandardYums,352.1,4.13,26,2020,c
688,688,Meat,SilverLake,554.39,15.81,28,2020,D
689,689,Produce,TastyTreat,258.66 grams,6.31,21,,A
690,690,Meat,SilverLake,443.6,15.66,28,2020,a
691,691,Meat,GoldTree,428.96,15.96,25,2019,A
692,692,Snacks,SmoothTaste,410.91,8.35,19,2015,C
693,693,Produce,TastyTreat,463.87 grams,5.86,21,2019,D
694,694,Produce,GoldTree,426.9,7.93,21,2019,D
695,695,Bakery,SilverLake,400.98,10.92,18,2022,c
696,696,Bakery,GoldTree,512.58,11.08,16,2022,D
697,697,Meat,TopBrand,524.27,15.81,24,2021,D
698,698,Bakery,StandardYums,572.3,6.68,23,,A
699,699,Snacks,StandardYums,445.15 grams,5.55,22,2018,D
700,700,Bakery,YumMie,480.89,7.29,16,2016,b
701,701,Bakery,SmoothTaste,527.63 grams,9.15,17,2015,C
702,702,Bakery,SilverLake,450.79,11.3,18,2019,c
703,703,Meat,SilverLake,518.79,15.81,27,2015,D
704,704,Meat,GoldTree,382.17 grams,16.15,25,2017,b
705,705,Dairy,YumMie,450.13,8.78,22,2021,A
706,706,Produce,TastyTreat,491.72 grams,5.63,21,,d
707,707,Produce,SilverLake,485.08,8.11,22,2018,A
708,708,Produce,TastyTreat,339.76,5.77,21,2016,A
709,709,Produce,GoldTree,481.68 grams,8.14,21,2021,A
710,710,Produce,SilverLake,522.57,7.86,23,2019,D
711,711,Dairy,GoldTree,486.14 grams,12.84,22,2021,B
712,712,Meat,SilverLake,330.44 grams,15.82,27,2022,c
713,713,Dairy,TastyTreat,489.69,11.84,22,2017,B
714,714,Meat,TastyTreat,402.75 grams,14.06,26,2020,D
715,715,Dairy,TastyTreat,708.31,10.78,23,2020,D
716,716,Produce,TopBrand,412.8,8.19,19,,C
717,717,Produce,GoldTree,532.65,8.27,21,2020,B
718,718,Dairy,-,649.2,12.87,23,2016,B
719,719,Bakery,StandardYums,543.17 grams,7.07,21,2020,B
720,720,Meat,SilverLake,534.2,15.97,27,2022,A
721,721,Bakery,StandardYums,397.02,7.58,21,2017,C
722,722,Dairy,StandardYums,501.89,8.62,26,2020,b
723,723,Bakery,StandardYums,465.13 grams,7.24,21,2020,c
724,724,Dairy,TopBrand,612.18,12.94,20,2017,c
725,725,Dairy,GoldTree,701.3,13.06,22,2018,D
726,726,Dairy,YumMie,307.01 grams,9.06,22,2022,C
727,727,Bakery,TastyTreat,569.53 grams,9.46,18,2016,B
728,728,Produce,TastyTreat,472.79,5.6,22,2022,d
729,729,Produce,GoldTree,356.98,7.92,21,2020,C
730,730,Snacks,TastyTreat,479.01 grams,8.42,19,2017,C
731,731,Produce,GoldTree,488.68,7.92,21,2022,B
732,732,Meat,GoldTree,428.87 grams,16.24,26,,B
733,733,Meat,StandardYums,499.25,11.76,31,2018,D
734,734,Snacks,StandardYums,269.6,5.59,23,2019,D
735,735,Bakery,StandardYums,505.94,7.47,20,2022,a
736,736,Produce,SilverLake,375.97,7.96,23,2019,B
737,737,Dairy,TastyTreat,621.67,11.39,22,2016,B
738,738,Bakery,TastyTreat,462.09,9.18,18,2018,B
739,739,Snacks,TastyTreat,403.08 grams,8.37,19,2017,C
740,740,Dairy,StandardYums,466.28,8.65,26,,D
741,741,Snacks,TastyTreat,268.38,7.57,18,2020,D
742,742,Snacks,TopBrand,580.97,10.03,16,2022,B
743,743,Dairy,StandardYums,555.28 grams,9.01,27,,d
744,744,Dairy,TastyTreat,590.06,11.11,22,2015,A
745,745,Produce,GoldTree,377.59 grams,7.99,21,2018,C
746,746,Dairy,SmoothTaste,548.96,11.36,22,2018,A
747,747,Produce,GoldTree,510.88 grams,7.79,21,2018,c
748,748,Produce,GoldTree,522.21,7.85,21,2016,D
749,749,Dairy,TastyTreat,418.16,11.1,22,2019,D
750,750,Produce,TastyTreat,555.44,5.64,22,2018,a
751,751,Produce,GoldTree,485.78 grams,7.87,21,2015,B
752,752,Meat,StandardYums,663.79,12.54,30,2018,C
753,753,Meat,YumMie,430.5,12.03,25,2018,c
754,754,Produce,StandardYums,340.74,4.9,26,2018,C
755,755,Meat,SmoothTaste,462.29,14.45,26,,B
756,756,Bakery,StandardYums,533.38,8,20,2018,b
757,757,Snacks,TastyTreat,462.57,7.81,18,,b
758,758,Dairy,GoldTree,485.49 grams,13.02,22,2020,a
759,759,Bakery,TastyTreat,667.35,8.65,16,2018,D
760,760,Produce,GoldTree,539.29,8.08,21,2015,b
761,761,Dairy,StandardYums,416.26,8.83,27,2019,B
762,762,Produce,GoldTree,462.68 grams,7.94,21,2020,c
763,763,Meat,StandardYums,574.83 grams,12.42,30,2017,D
764,764,Produce,TastyTreat,386.46,6.48,21,2016,D
765,765,Meat,SmoothTaste,541.52,13.56,27,2016,A
766,766,Meat,TastyTreat,669.42,14.03,26,2019,D
767,767,Bakery,StandardYums,434.16,6.8,21,2022,C
768,768,Bakery,StandardYums,422.51 grams,6.81,22,2018,A
769,769,Dairy,TopBrand,478.03,13.97,20,,a
770,770,Dairy,StandardYums,403.11,9.17,26,2018,C
771,771,Snacks,YumMie,573.55,6,17,2019,D
772,772,Dairy,StandardYums,576.24,8.73,26,,d
773,773,Produce,YumMie,522.54,3.87,21,2016,d
774,774,Produce,GoldTree,496.92 grams,7.93,21,2017,C
775,775,Snacks,YumMie,404.27,5.76,17,2022,A
776,776,Produce,StandardYums,546.61 grams,3.62,25,2015,D
777,777,Produce,SilverLake,318.91 grams,7.52,23,2016,c
778,778,Produce,TopBrand,554.18,7.93,19,2018,d
779,779,Bakery,TopBrand,305.39,10.72,15,2018,C
780,780,Snacks,TastyTreat,376.96,8,18,2016,d
781,781,Bakery,StandardYums,460.82,6.78,21,2019,A
782,782,Produce,TastyTreat,567.67 grams,5.72,23,2015,c
783,783,Bakery,SmoothTaste,428.63,9.82,17,2021,d
784,784,Dairy,SmoothTaste,499.03,10.67,23,2015,A
785,785,Meat,SilverLake,577.97 grams,16.01,28,2019,C
786,786,Produce,GoldTree,582.48 grams,7.95,21,2016,D
787,787,Bakery,StandardYums,408.07 grams,7.24,20,,C
788,788,Dairy,SmoothTaste,591.6,11.08,23,2016,B
789,789,Bakery,SmoothTaste,548,8.99,17,2016,d
790,790,Dairy,TastyTreat,358.11,11.14,23,2017,B
791,791,Snacks,SilverLake,557.06,10.35,19,2015,B
792,792,Dairy,SmoothTaste,472.97,11.07,23,2022,C
793,793,Produce,GoldTree,619.97,7.85,21,2021,A
794,794,Meat,SmoothTaste,661.83,14.27,26,2016,D
795,795,Produce,StandardYums,574.05,3.62,25,,b
796,796,Bakery,TopBrand,489.74 grams,11.18,14,2021,b
797,797,Snacks,StandardYums,369.37,6.21,23,,A
798,798,Produce,TopBrand,479.96,7.95,19,2021,b
799,799,Meat,SmoothTaste,332.54,13.98,27,2019,C
800,800,Bakery,GoldTree,488.25,10.92,17,,C
801,801,Bakery,TopBrand,460.96,10.87,15,2018,A
802,802,Meat,TastyTreat,556.89,13.73,26,2020,B
803,803,Dairy,SmoothTaste,538.78,10.4,23,2019,B
804,804,Meat,StandardYums,522.65 grams,12.1,31,2015,A
805,805,Snacks,StandardYums,408.64,5.48,22,2017,B
806,806,Snacks,YumMie,423.71,6.01,18,2017,a
807,807,Bakery,StandardYums,467.14 grams,7.67,20,,b
808,808,Meat,TastyTreat,416.87,13.85,26,2015,D
809,809,Bakery,SilverLake,458.19,10.73,18,2018,B
810,810,Bakery,TastyTreat,509.06,8.74,16,2018,c
811,811,Meat,StandardYums,644.14,11.64,30,2015,C
812,812,Meat,StandardYums,394.8,12.09,30,2016,d
813,813,Meat,GoldTree,488.12,16.12,25,2015,C
814,814,Meat,TastyTreat,556.92,13.85,26,2021,b
815,815,Snacks,TastyTreat,350.72,8.22,19,2016,C
816,816,Meat,StandardYums,536.8,12.5,30,2022,b
817,817,Produce,GoldTree,557.32 grams,8.1,21,2015,A
818,818,Dairy,SmoothTaste,643.88,10.84,23,2019,C
819,819,Bakery,TastyTreat,527.78,8.87,17,2018,B
820,820,Produce,GoldTree,473.35,7.91,21,2017,A
821,821,Dairy,StandardYums,531.62,9.09,26,2018,a
822,822,Snacks,YumMie,230.35,5.93,18,2016,A
823,823,Meat,SilverLake,566.78 grams,16.17,28,2022,b
824,824,Bakery,SmoothTaste,333.39,8.8,17,2017,d
825,825,Produce,TopBrand,391.2,8.35,19,2021,D
826,826,Produce,SmoothTaste,410.35,5.53,22,2015,B
827,827,Meat,GoldTree,648.74,15.97,25,,a
828,828,Bakery,YumMie,622.65,6.79,16,,A
829,829,Meat,GoldTree,693.13,16.12,25,2015,a
830,830,Snacks,SmoothTaste,488.68,7.8,19,2021,B
831,831,Produce,TopBrand,494.25 grams,7.93,19,2017,D
832,832,Produce,GoldTree,568.54,8.01,21,2015,C
833,833,Produce,GoldTree,533.31,7.8,21,2022,D
834,834,Produce,-,560.95,8.06,19,2021,c
835,835,Meat,SmoothTaste,674.87,13.96,27,2015,b
836,836,Meat,GoldTree,569.77,16,25,2015,C
837,837,Dairy,GoldTree,554.75 grams,13.16,22,,c
838,838,Meat,GoldTree,612.88,16.07,25,2016,C
839,839,Produce,TastyTreat,414.41,5.64,21,2017,a
840,840,Produce,GoldTree,420.43,8.01,21,2018,c
841,841,Dairy,TopBrand,469.26,13.4,20,2019,D
842,842,Meat,SilverLake,631.32 grams,16.13,27,2022,D
843,843,Produce,GoldTree,480.42 grams,8.02,21,,D
844,844,Dairy,TopBrand,687.52,12.84,20,2016,B
845,845,Meat,TastyTreat,701.53,14.25,26,2021,B
846,846,Dairy,SmoothTaste,547.56 grams,10.84,23,2016,B
847,847,Produce,GoldTree,262.63,8.08,21,2018,D
848,848,Produce,TopBrand,319.35,8.03,19,2015,c
849,849,Meat,GoldTree,408.24,15.86,25,2022,A
850,850,Produce,GoldTree,495.85,7.84,21,2021,C
851,851,Dairy,SilverLake,528.71,13.07,24,2019,b
852,852,Produce,SilverLake,357.96 grams,7.73,22,2020,B
853,853,Dairy,SilverLake,643.38 grams,12.92,24,2022,A
854,854,Dairy,GoldTree,360.87,13.12,22,2022,C
855,855,Produce,GoldTree,458.46 grams,7.94,21,2017,D
856,856,Produce,GoldTree,423.69,8,21,2016,B
857,857,Bakery,TopBrand,429.34 grams,10.97,14,2021,b
858,858,Meat,GoldTree,419.68 grams,16.04,26,2017,d
859,859,Snacks,YumMie,462.34,6.52,17,2017,C
860,860,Snacks,TastyTreat,658.31,7.84,18,2021,A
861,861,Dairy,TopBrand,543.48 grams,12.74,20,2017,B
862,862,Meat,SilverLake,357.34,15.76,27,2020,C
863,863,Dairy,TopBrand,595.04,12.96,20,2020,a
864,864,Dairy,YumMie,496.24,9.03,22,2018,A
865,865,Snacks,YumMie,500.49,5.85,18,2016,D
866,866,Meat,TastyTreat,430.03 grams,14.48,26,2018,B
867,867,Meat,SmoothTaste,437.35,13.55,27,2018,B
868,868,Meat,TopBrand,430.19,15.8,24,2015,d
869,869,Bakery,StandardYums,481.29 grams,7.09,21,2018,A
870,870,Snacks,YumMie,428.06,6.15,18,2016,B
871,871,Snacks,YumMie,686.68,6.01,18,,d
872,872,Meat,SilverLake,655.16,16.9,27,,a
873,873,Meat,TastyTreat,529.45,13.82,27,2016,C
874,874,Produce,GoldTree,436.03,8.29,21,2015,C
875,875,Dairy,GoldTree,582.01 grams,12.81,22,2017,A
876,876,Bakery,SilverLake,571.5,11.23,18,2017,B
877,877,Snacks,TastyTreat,475.24 grams,7.77,18,2017,b
878,878,Bakery,SilverLake,453.01 grams,10.82,18,2016,A
879,879,Produce,GoldTree,710.28,7.9,21,,C
880,880,Produce,SilverLake,700.29,8.16,23,2020,b
881,881,Produce,GoldTree,554.21,7.97,21,2017,D
882,882,Produce,GoldTree,492.06 grams,8.29,21,2019,A
883,883,Meat,SilverLake,525.3,16.01,27,2020,A
884,884,Dairy,StandardYums,381.76 grams,8.66,26,2021,C
885,885,Meat,GoldTree,633.4 grams,16.03,25,2016,A
886,886,Bakery,SilverLake,634.19 grams,11.16,18,2017,c
887,887,Produce,SmoothTaste,537.93 grams,5.61,22,2019,D
888,888,Produce,GoldTree,651.62,8.17,21,2017,c
889,889,Produce,GoldTree,404.16,7.97,21,2016,c
890,890,Bakery,TastyTreat,577 grams,11.3,18,2020,A
891,891,Dairy,TopBrand,520.4 grams,12.85,20,2016,B
892,892,Meat,GoldTree,516.22 grams,16.12,26,2018,b
893,893,Bakery,GoldTree,592.66,11.01,16,2022,a
894,894,Meat,SmoothTaste,500.79,13.73,27,2016,A
895,895,Meat,TastyTreat,461.54 grams,14.65,26,2021,C
896,896,Meat,TastyTreat,582.38 grams,13.8,26,2022,d
897,897,Produce,GoldTree,570.88 grams,8,21,,c
898,898,Bakery,SilverLake,496.1,11.43,18,2016,D
899,899,Produce,SmoothTaste,322.47 grams,5.91,22,2015,a
900,900,Produce,StandardYums,381.43,3.59,26,2021,D
901,901,Bakery,YumMie,451.51,7.05,16,2020,A
902,902,Bakery,TastyTreat,658.05,8.63,17,2021,B
903,903,Meat,TopBrand,493.26,16.06,24,2020,B
904,904,Produce,GoldTree,510.86,8,21,2016,b
905,905,Produce,SmoothTaste,480.88,6.74,22,2016,A
906,906,Bakery,TastyTreat,448.71,8.68,16,2017,c
907,907,Dairy,TastyTreat,611.51,10.79,22,2015,D
908,908,Snacks,TopBrand,422.09 grams,9.72,16,2017,B
909,909,Meat,TastyTreat,342.83,14.35,26,2015,D
910,910,Meat,GoldTree,651.77 grams,16.15,26,2015,d
911,911,Snacks,StandardYums,372.16,5.87,23,2018,b
912,912,Dairy,GoldTree,568.04,13.09,22,2019,C
913,913,Produce,SmoothTaste,506.24,6,22,2016,C
914,914,Snacks,StandardYums,479.42 grams,5.79,22,2021,C
915,915,Meat,SilverLake,588.66,16.31,27,2018,B
916,916,Bakery,SilverLake,741.99 grams,10.93,18,2017,a
917,917,Meat,SilverLake,491.28 grams,16.38,27,2022,B
918,918,Bakery,TastyTreat,410.48,9.07,16,2016,B
919,919,Produce,StandardYums,337.73,3.54,25,2019,B
920,920,Produce,TopBrand,374.34,7.92,19,2020,B
921,921,Produce,-,294.34,4.15,26,2022,A
922,922,Meat,TopBrand,378.93,15.96,24,2020,A
923,923,Bakery,TopBrand,546.23,11.13,14,2017,B
924,924,Dairy,StandardYums,559.07 grams,9.18,26,,B
925,925,Meat,StandardYums,407.44,12.14,30,,D
926,926,Produce,TopBrand,492.04,8.47,19,2017,A
927,927,Snacks,StandardYums,619.32 grams,6.57,22,,C
928,928,Produce,GoldTree,534.55 grams,7.81,21,2015,C
929,929,Produce,GoldTree,552.54,7.94,21,2021,C
930,930,Produce,GoldTree,447.72 grams,7.99,21,2019,a
931,931,Dairy,StandardYums,589.18,8.83,26,2018,c
932,932,Meat,TopBrand,427.62,15.98,23,2020,B
933,933,Dairy,StandardYums,562.06,8.75,26,2022,D
934,934,Produce,StandardYums,411.87 grams,3.48,25,2017,A
935,935,Meat,GoldTree,498.34 grams,15.87,26,,d
936,936,Bakery,StandardYums,513.75,6.7,21,2022,c
937,937,Bakery,TastyTreat,450.55,10.43,17,2017,b
938,938,Meat,SilverLake,511.24,15.67,27,2021,B
939,939,Bakery,YumMie,490.53,7.13,16,2018,B
940,940,Produce,StandardYums,415.66,4.41,25,2016,C
941,941,Produce,GoldTree,454.66,7.95,21,,c
942,942,Dairy,SilverLake,433.21 grams,12.59,23,,B
943,943,Produce,StandardYums,447.36,4,25,2016,B
944,944,Meat,SmoothTaste,426.48,13.63,26,2020,D
945,945,Bakery,SmoothTaste,470.75,9.45,17,2022,B
946,946,Bakery,StandardYums,431.09,7.27,21,2022,C
947,947,Dairy,TopBrand,563.26 grams,12.79,20,2018,A
948,948,Produce,TastyTreat,523.86 grams,6.86,21,2021,C
949,949,Produce,TastyTreat,697.46 grams,5.57,21,2016,c
950,950,Bakery,StandardYums,522.42,7.55,21,2021,C
951,951,Bakery,TastyTreat,427.63,9.42,17,2021,D
952,952,Produce,GoldTree,566.44,7.89,21,2015,C
953,953,Produce,GoldTree,447.06 grams,8.03,21,2019,d
954,954,Produce,SilverLake,449.93 grams,7.96,23,2017,B
955,955,Bakery,TastyTreat,536.43,9.55,17,2018,C
956,956,Dairy,-,511.35,13.12,23,2021,C
957,957,Snacks,TopBrand,506.9,10.16,16,2019,c
958,958,Produce,GoldTree,487.38 grams,8.17,21,2021,D
959,959,Dairy,YumMie,421.22,8.92,22,2016,D
960,960,Dairy,SmoothTaste,491.44 grams,10.79,22,2022,B
961,961,Snacks,SmoothTaste,314.51,9.03,18,2018,A
962,962,Bakery,StandardYums,491.6,6.63,21,2017,C
963,963,Dairy,SmoothTaste,500.29,11.19,22,,C
964,964,Produce,GoldTree,423.43,7.87,21,2019,B
965,965,Produce,GoldTree,501.74,7.88,21,2019,b
966,966,Bakery,YumMie,376.36,6.98,16,,a
967,967,Bakery,TastyTreat,505.82 grams,8.69,16,2020,A
968,968,Snacks,YumMie,559.11,5.86,17,2021,B
969,969,Produce,TopBrand,378.71,8.43,19,2019,C
970,970,Meat,TastyTreat,386.44 grams,13.68,26,2022,D
971,971,Bakery,StandardYums,433.73,7.51,21,2020,a
972,972,Dairy,SmoothTaste,465.13,10.78,23,2018,B
973,973,Meat,SilverLake,523.16,15.69,28,2018,D
974,974,Produce,TopBrand,445.32,8.14,19,,D
975,975,Bakery,TastyTreat,392.24,8.9,16,2017,d
976,976,Produce,SmoothTaste,583.46,5.63,22,2019,a
977,977,Bakery,TastyTreat,345.3,8.81,17,2016,b
978,978,Bakery,YumMie,506.83,6.86,16,2020,C
979,979,Meat,GoldTree,447.7 grams,16.16,26,2021,D
980,980,Bakery,TastyTreat,574.78,9.08,17,2020,B
981,981,Bakery,TopBrand,528.68 grams,10.72,15,2019,A
982,982,Produce,GoldTree,644.73,8.12,21,2016,C
983,983,Snacks,TopBrand,436.97,10,16,2016,d
984,984,Meat,GoldTree,548.22 grams,16.08,26,2016,A
985,985,Produce,GoldTree,521.05,8.01,21,2017,d
986,986,Meat,SmoothTaste,440.23,13.54,26,2018,C
987,987,Meat,SmoothTaste,579.83,14.02,27,2021,B
988,988,Meat,GoldTree,593.38 grams,15.91,26,2022,C
989,989,Meat,SilverLake,475.7,15.68,28,2016,A
990,990,Bakery,TastyTreat,393.44,8.85,17,2021,D
991,991,Meat,TastyTreat,531.89,14.91,26,2016,A
992,992,Meat,TopBrand,481.92,15.67,24,2015,a
993,993,Produce,SilverLake,512.21 grams,8.08,22,2019,B
994,994,Dairy,StandardYums,541.4,8.41,26,2022,d
995,995,Produce,SilverLake,541.52,7.84,22,2020,b
996,996,Meat,StandardYums,382.44 grams,12,31,2018,A
997,997,Produce,SilverLake,328.63 grams,8.01,23,2016,B
998,998,Produce,StandardYums,446.42,3.9,25,2019,C
999,999,Produce,TastyTreat,582.24,6,22,2016,C
1000,1000,Dairy,TastyTreat,573.99,10.89,22,,c
1001,1001,Produce,SilverLake,462.59,8.03,23,2020,D
1002,1002,Produce,TastyTreat,466.54,5.64,21,2016,D
1003,1003,Dairy,StandardYums,478.87,8.89,27,,C
1004,1004,Produce,TopBrand,365.17,7.78,19,2015,B
1005,1005,Bakery,SmoothTaste,564.63,8.56,17,2015,D
1006,1006,Dairy,StandardYums,515.77 grams,8.74,26,,d
1007,1007,Bakery,GoldTree,336.87,10.82,16,2017,d
1008,1008,Meat,SilverLake,566.87 grams,16.48,27,,B
1009,1009,Bakery,GoldTree,637.73,10.97,16,2019,B
1010,1010,Bakery,SmoothTaste,490.94 grams,8.8,18,2016,D
1011,1011,Bakery,SmoothTaste,380.33,8.94,17,2017,d
1012,1012,Meat,TastyTreat,596.41 grams,14.61,26,2015,d
1013,1013,Dairy,TastyTreat,414.26,11.69,22,2019,B
1014,1014,Produce,GoldTree,558.77,8.17,21,2016,C
1015,1015,Produce,GoldTree,637.31,8.15,21,,C
1016,1016,Snacks,StandardYums,466.16,6.38,22,2017,b
1017,1017,Bakery,TopBrand,462.84,10.92,14,2019,B
1018,1018,Meat,GoldTree,576.32,15.85,26,2016,D
1019,1019,Produce,GoldTree,531.96,8.23,21,2017,a
1020,1020,Produce,SmoothTaste,497.25,6.21,22,2021,B
1021,1021,Meat,-,478.28,15.79,27,2018,c
1022,1022,Bakery,StandardYums,427.12,6.51,21,2021,a
1023,1023,Produce,SilverLake,459.95,8.23,22,2020,b
1024,1024,Produce,GoldTree,455.04 grams,8.07,21,2020,A
1025,1025,Bakery,SmoothTaste,569.89,9.58,17,2022,C
1026,1026,Produce,GoldTree,664.42,8.11,21,2021,C
1027,1027,Produce,SmoothTaste,397.99,7.09,22,2018,c
1028,1028,Produce,GoldTree,535.34,8.06,21,2016,D
1029,1029,Produce,TopBrand,673.01 grams,7.71,19,2019,a
1030,1030,Dairy,SmoothTaste,408.76 grams,11.38,23,2016,A
1031,1031,Bakery,SilverLake,478.66,10.81,19,2015,B
1032,1032,Bakery,TastyTreat,499.28,9.21,16,2016,D
1033,1033,Meat,TopBrand,672.44,16.11,24,2017,C
1034,1034,Meat,TastyTreat,531.52,13.96,26,2022,C
1035,1035,Produce,GoldTree,443.96 grams,7.9,21,2015,D
1036,1036,Dairy,YumMie,559.75 grams,9.04,22,2016,D
1037,1037,Bakery,SmoothTaste,276.67,8.97,17,2021,d
1038,1038,Produce,YumMie,431.92,3.96,21,2015,a
1039,1039,Produce,GoldTree,403.78 grams,8.03,21,2015,A
1040,1040,Produce,SmoothTaste,423.67,5.95,21,2015,B
1041,1041,Bakery,SilverLake,524.11,11.17,18,2022,B
1042,1042,Meat,GoldTree,570.5,16.13,26,2015,C
1043,1043,Dairy,SilverLake,420.01,13.05,23,,D
1044,1044,Snacks,YumMie,306.9,5.78,18,2020,A
1045,1045,Bakery,TastyTreat,572.44,8.67,17,2020,C
1046,1046,Meat,SmoothTaste,470.06,14.05,26,2021,c
1047,1047,Produce,SmoothTaste,556.13,5.42,23,2017,A
1048,1048,Dairy,GoldTree,434.82,12.88,22,2021,C
1049,1049,Produce,TopBrand,387.1,7.86,19,2019,D
1050,1050,Dairy,TastyTreat,618.5,12.33,22,2021,C
1051,1051,Snacks,StandardYums,383.57,6.31,23,2018,d
1052,1052,Produce,GoldTree,787.85 grams,8.26,21,2017,a
1053,1053,Produce,TopBrand,633.76,7.92,19,2019,D
1054,1054,Meat,GoldTree,711.14,16.11,25,2017,b
1055,1055,Dairy,SilverLake,637.35,13.51,24,2021,d
1056,1057,Produce,TastyTreat,554.01,6.26,22,2016,D
1057,1058,Dairy,TopBrand,584.61 grams,13.42,20,2022,B
1058,1059,Meat,TastyTreat,601.72,13.92,26,2015,C
1059,1060,Produce,GoldTree,486.49 grams,7.98,21,2018,A
1060,1061,Produce,TopBrand,558.09,7.83,19,2022,c
1061,1062,Produce,SmoothTaste,614.9,5.64,22,2015,b
1062,1063,Bakery,TastyTreat,548.81,9.23,17,2017,a
1063,1064,Snacks,GoldTree,542.87 grams,10,18,2016,B
1064,1065,Bakery,StandardYums,415.66 grams,8.19,21,2016,D
1065,1066,Meat,SmoothTaste,507.33 grams,14.13,27,2020,D
1066,1067,Meat,TastyTreat,551.02 grams,13.93,26,2019,C
1067,1068,Produce,TopBrand,597.56,8.07,20,2016,B
1068,1069,Produce,GoldTree,407.31,8.09,21,2016,A
1069,1070,Dairy,TopBrand,592.52,12.72,20,2015,D
1070,1071,Dairy,TastyTreat,467.66 grams,10.84,24,2020,c
1071,1072,Meat,TopBrand,554.02,16.6,23,2019,C
1072,1073,Dairy,TastyTreat,587.48,10.99,23,2015,d
1073,1074,Bakery,TopBrand,481.37,10.87,15,2018,C
1074,1075,Snacks,YumMie,371.21,6.21,18,2017,D
1075,1076,Meat,SmoothTaste,643.74,13.88,27,2019,B
1076,1077,Produce,GoldTree,554.3 grams,7.98,21,2020,D
1077,1078,Meat,-,382.62 grams,14.22,26,2022,D
1078,1079,Meat,TastyTreat,501.6 grams,14.01,26,2021,C
1079,1080,Produce,GoldTree,523.4 grams,7.92,21,2016,B
1080,1081,Meat,TastyTreat,528.55,13.64,26,2022,D
1081,1082,Dairy,TastyTreat,533.92,11.78,22,2018,B
1082,1083,Produce,GoldTree,603.41,8.02,21,2017,D
1083,1084,Produce,GoldTree,514.98 grams,7.92,21,2021,A
1084,1085,Produce,GoldTree,449.56,7.95,21,,B
1085,1086,Produce,-,395.76,8.17,21,2020,A
1086,1087,Dairy,GoldTree,359.78 grams,12.78,22,2016,B
1087,1088,Meat,SilverLake,551.99 grams,15.87,28,2020,c
1088,1089,Meat,GoldTree,612.55 grams,15.96,25,2020,c
1089,1090,Meat,SilverLake,482.89 grams,16.09,27,2015,C
1090,1091,Snacks,StandardYums,349.03,6.06,22,2015,C
1091,1092,Dairy,TopBrand,506.54,13.19,20,2018,C
1092,1093,Bakery,TopBrand,679.98 grams,10.98,14,2020,A
1093,1094,Dairy,TopBrand,451.66 grams,12.97,20,2017,A
1094,1095,Dairy,TastyTreat,639.81,10.52,22,2019,C
1095,1096,Dairy,StandardYums,406.57 grams,8.6,26,2015,C
1096,1097,Meat,TopBrand,442.71,16.52,24,2015,C
1097,1098,Snacks,StandardYums,378.26,6.69,24,2017,C
1098,1099,Produce,GoldTree,519.08,7.98,21,2022,A
1099,1100,Bakery,GoldTree,502.97,11.1,16,2019,B
1100,1101,Bakery,StandardYums,534.99,7.15,21,,A
1101,1102,Produce,GoldTree,508.54 grams,7.91,21,2016,A
1102,1103,Meat,GoldTree,522.92,15.94,25,2021,c
1103,1104,Meat,TastyTreat,444.84,13.39,25,2017,C
1104,1105,Produce,SmoothTaste,362.49,6.13,22,2021,c
1105,1106,Dairy,GoldTree,428.75,13.21,22,2022,c
1106,1107,Produce,GoldTree,364.02,7.94,21,2017,C
1107,1108,Bakery,GoldTree,533.35,10.99,16,,A
1108,1109,Dairy,TastyTreat,689.62 grams,11.45,23,2018,A
1109,1110,Dairy,SmoothTaste,510.38,11.21,23,2016,b
1110,1111,Bakery,GoldTree,432.33,11,16,2017,D
1111,1112,Dairy,GoldTree,620.81,13.21,22,2019,C
1112,1113,Snacks,TastyTreat,435.95,7.64,18,2021,b
1113,1114,Dairy,SmoothTaste,473.73,10.64,23,2019,B
1114,1115,Produce,SilverLake,592.4,7.94,22,2022,a
1115,1116,Produce,GoldTree,639.51 grams,8,21,2022,c
1116,1117,Snacks,YumMie,357.48,5.98,17,2015,B
1117,1118,Meat,TopBrand,510.2,16.06,23,2016,C
1118,1119,Bakery,GoldTree,623.74,10.94,16,2016,B
1119,1120,Produce,TopBrand,593.68,8.33,19,2016,C
1120,1121,Produce,GoldTree,510.99 grams,7.92,21,2019,C
1121,1122,Meat,SilverLake,500.17,15.8,28,2018,b
1122,1123,Meat,TastyTreat,675.3,14.43,26,2020,A
1123,1124,Bakery,TopBrand,407.25 grams,10.76,14,2017,C
1124,1125,Meat,SilverLake,616.95,15.99,27,2021,C
1125,1126,Produce,GoldTree,567.27 grams,8.08,21,,A
1126,1127,Meat,SmoothTaste,454.78 grams,13.72,27,2018,C
1127,1128,Meat,GoldTree,517.17,16.07,25,2018,D
1128,1129,Produce,GoldTree,459.99,8.3,21,2018,D
1129,1130,Dairy,TastyTreat,402.03 grams,12.51,22,2018,C
1130,1131,Snacks,YumMie,306.59 grams,6.11,18,2015,B
1131,1132,Dairy,SmoothTaste,495.77 grams,12.36,23,2018,A
1132,1133,Dairy,SmoothTaste,569.95,11.16,23,2020,d
1133,1134,Meat,TastyTreat,554.57,14.11,26,2017,C
1134,1135,Snacks,YumMie,365.96,6.04,18,2021,B
1135,1136,Meat,SmoothTaste,437.19,14.26,27,2019,c
1136,1137,Meat,StandardYums,427.01,12.19,31,2016,C
1137,1138,Dairy,TopBrand,725,12.87,20,2021,c
1138,1139,Dairy,SmoothTaste,507.38,10.64,23,2019,d
1139,1140,Produce,TastyTreat,480.85,6.59,21,2018,B
1140,1141,Bakery,GoldTree,657.35 grams,11.02,16,2019,C
1141,1142,Produce,TopBrand,758.54,8.13,19,,B
1142,1143,Dairy,TastyTreat,539.93,10.86,22,2015,a
1143,1144,Bakery,TastyTreat,477.39 grams,8.5,17,,b
1144,1145,Bakery,StandardYums,639.94,6.99,21,,C
1145,1146,Produce,GoldTree,478.86 grams,8.12,21,,B
1146,1147,Meat,TastyTreat,560.1 grams,13.46,26,,a
1147,1148,Produce,GoldTree,566.24,8.02,21,2018,C
1148,1149,Meat,GoldTree,445.09,16.01,25,2016,D
1149,1150,Meat,SilverLake,491.21,16.15,27,,b
1150,1151,Meat,StandardYums,621.83 grams,12.11,30,2022,A
1151,1152,Produce,GoldTree,555.08 grams,7.98,21,2015,B
1152,1153,Bakery,YumMie,558.08,6.93,16,2020,C
1153,1154,Produce,GoldTree,571.58 grams,8.05,21,2015,A
1154,1155,Produce,SmoothTaste,407.14,6.22,21,2022,d
1155,1156,Dairy,GoldTree,482.06,13.14,22,2017,A
1156,1157,Produce,TastyTreat,391.72 grams,6.76,22,2015,A
1157,1158,Snacks,GoldTree,453.75,9.84,18,2017,B
1158,1159,Meat,SilverLake,535.78,16.34,28,2016,a
1159,1160,Dairy,GoldTree,442.82,13.13,22,2017,C
1160,1161,Produce,GoldTree,467.47 grams,8,21,2017,C
1161,1162,Snacks,TastyTreat,547.84,8.14,18,2018,b
1162,1163,Meat,GoldTree,614.51,16.09,26,2021,D
1163,1164,Produce,SilverLake,495.7,7.8,22,2019,c
1164,1165,Dairy,GoldTree,534.98 grams,13.16,22,2015,B
1165,1166,Dairy,TopBrand,432.66,13.25,20,,D
1166,1167,Meat,SmoothTaste,565.46 grams,14.43,27,,D
1167,1168,Dairy,-,367.67,9.11,26,2017,c
1168,1169,Dairy,TopBrand,552.55,13.08,20,2017,D
1169,1170,Produce,TopBrand,577.29,7.96,19,2019,a
1170,1171,Meat,TopBrand,449.05,15.89,24,2018,D
1171,1172,Bakery,GoldTree,638.45,10.81,16,2018,B
1172,1173,Meat,TastyTreat,333.41,14.28,26,2018,A
1173,1174,Meat,TopBrand,473.45,15.91,23,2020,c
1174,1175,Meat,StandardYums,587.63,12.3,30,2021,c
1175,1176,Produce,GoldTree,573.36,8.15,21,2015,D
1176,1177,Bakery,SmoothTaste,495.97,8.9,17,2015,B
1177,1178,Dairy,TastyTreat,544.87 grams,10.81,23,2022,a
1178,1179,Dairy,SmoothTaste,607.05 grams,11.39,23,2019,d
1179,1180,Produce,GoldTree,431.85,8.2,21,2020,A
1180,1181,Bakery,SmoothTaste,590.51,9.17,17,2020,d
1181,1182,Snacks,YumMie,420.06 grams,6.5,17,2016,d
1182,1183,Snacks,YumMie,428.16,5.96,18,2016,B
1183,1184,Dairy,StandardYums,564.08,9.63,26,2021,C
1184,1185,Meat,SmoothTaste,576.01,13.59,26,2019,C
1185,1186,Meat,TopBrand,558.03 grams,16.21,24,2020,a
1186,1187,Meat,GoldTree,570.27,16.06,26,2021,B
1187,1188,Bakery,StandardYums,438.91,6.89,21,2022,C
1188,1189,Produce,GoldTree,591.47,8.04,21,,A
1189,1190,Dairy,GoldTree,611.96,13.1,22,2021,b
1190,1191,Snacks,YumMie,419.07,6,18,2015,c
1191,1192,Bakery,TastyTreat,474.41 grams,8.91,17,2019,C
1192,1193,Dairy,TastyTreat,381.9,11.31,22,,D
1193,1194,Produce,SilverLake,495.62,8.27,22,2022,D
1194,1195,Produce,SilverLake,440.54,8.2,23,2020,d
1195,1196,Produce,GoldTree,649.16 grams,8.02,21,2019,C
1196,1197,Meat,SilverLake,412.47 grams,16.09,28,2021,A
1197,1198,Meat,StandardYums,650.2,12,30,2019,c
1198,1199,Meat,SmoothTaste,559.82,14.44,27,2017,c
1199,1200,Dairy,YumMie,628.86,9.14,22,2016,D
1200,1201,Produce,SmoothTaste,529.43,5.97,22,2021,A
1201,1202,Snacks,StandardYums,500.58 grams,5.92,22,2022,D
1202,1203,Meat,TastyTreat,682.34 grams,14.24,25,2018,b
1203,1204,Produce,SmoothTaste,476.74 grams,6.45,22,2016,C
1204,1205,Produce,SilverLake,647.02,8.21,22,,D
1205,1206,Produce,SilverLake,410.27,7.73,22,,b
1206,1207,Produce,GoldTree,680.48 grams,7.78,21,2018,C
1207,1208,Produce,GoldTree,439.36 grams,8.14,21,2021,C
1208,1209,Produce,GoldTree,614.54,8.19,21,2018,B
1209,1210,Bakery,TopBrand,485.2,11,14,2020,B
1210,1211,Snacks,GoldTree,483.33 grams,10.08,18,2019,A
1211,1212,Meat,StandardYums,464.71,12.48,30,2017,D
1212,1213,Meat,SilverLake,571.69,16.09,28,2018,c
1213,1214,Produce,TopBrand,471.15,8.21,18,2015,a
1214,1215,Dairy,YumMie,629.98,9,22,2018,C
1215,1216,Bakery,StandardYums,452.83,6.6,21,2015,b
1216,1217,Meat,YumMie,574.78,12.03,26,2022,D
1217,1218,Produce,TastyTreat,643.69 grams,5.71,22,2015,A
1218,1219,Meat,SilverLake,757.87,15.98,27,2017,C
1219,1220,Produce,TopBrand,315.43 grams,7.66,19,,A
1220,1221,Meat,SilverLake,544.74,15.86,27,2016,C
1221,1222,Produce,StandardYums,479.41,4.18,25,2015,A
1222,1223,Dairy,GoldTree,458.17 grams,13.17,22,2018,C
1223,1224,Dairy,SmoothTaste,490.6,10.57,23,2020,a
1224,1225,Produce,SilverLake,430.42,7.87,22,2019,B
1225,1226,Meat,SilverLake,372.83,15.99,27,,b
1226,1227,Bakery,StandardYums,305.35 grams,6.61,21,2020,A
1227,1228,Bakery,StandardYums,551.25 grams,7.46,21,2020,C
1228,1229,Bakery,SmoothTaste,668.51,9.35,17,2018,C
1229,1230,Produce,GoldTree,566.07,8.04,21,2019,a
1230,1231,Dairy,TopBrand,648.83,12.58,20,,D
1231,1232,Snacks,TastyTreat,489.59,7.61,18,2022,d
1232,1233,Bakery,YumMie,337.06,6.97,16,2022,C
1233,1234,Dairy,SilverLake,493.96,12.79,23,2019,D
1234,1235,Snacks,YumMie,594.68,6.18,18,2019,C
1235,1236,Snacks,YumMie,394.77,5.82,18,2017,C
1236,1237,Produce,SilverLake,402.12 grams,7.97,22,,b
1237,1238,Meat,SmoothTaste,416.9,13.91,29,,B
1238,1239,Meat,TopBrand,642.68,16.33,23,2015,A
1239,1240,Produce,GoldTree,606.01,8.11,21,2019,C
1240,1241,Produce,TastyTreat,567.13,5.63,22,2018,A
1241,1242,Bakery,TastyTreat,577.83 grams,9.13,17,2022,D
1242,1243,Dairy,GoldTree,402.56,13.15,22,2016,C
1243,1244,Meat,YumMie,605.4 grams,11.86,25,2019,B
1244,1245,Meat,GoldTree,510.39,16.08,25,2016,c
1245,1246,Meat,SilverLake,561.65 grams,15.87,27,2016,a
1246,1247,Dairy,GoldTree,513.6,12.84,22,,B
1247,1248,Meat,GoldTree,427.04,16.1,25,2018,A
1248,1249,Meat,GoldTree,562.02 grams,16.05,25,,b
1249,1250,Meat,TastyTreat,627.3,14.31,26,2018,d
1250,1251,Bakery,StandardYums,631.58,6.61,22,2021,A
1251,1252,Dairy,SilverLake,579.7,13.37,24,2020,d
1252,1253,Produce,GoldTree,513.66,8.02,21,2018,D
1253,1254,Bakery,TastyTreat,577.52 grams,9.1,16,2021,B
1254,1255,Meat,GoldTree,558.38,16.14,26,2021,b
1255,1256,Produce,SilverLake,592.71,8,23,2019,b
1256,1257,Meat,TopBrand,575.96,15.83,24,2020,A
1257,1258,Bakery,SilverLake,568.91,11.37,18,2020,D
1258,1259,Meat,GoldTree,607.47,15.98,25,2022,A
1259,1260,Snacks,YumMie,368.85,6,17,2018,B
1260,1261,Dairy,YumMie,670.01,8.92,22,2015,D
1261,1262,Bakery,SmoothTaste,600.36,8.69,18,2020,A
1262,1263,Bakery,YumMie,455.04,6.97,16,2019,d
1263,1264,Produce,SilverLake,325.96,8.26,23,2021,C
1264,1265,Meat,SmoothTaste,458.21,13.98,27,2019,B
1265,1266,Bakery,TastyTreat,492.86,8.74,17,2018,c
1266,1267,Produce,TopBrand,349.72,7.84,19,2018,D
1267,1268,Dairy,SmoothTaste,605.33,11.36,23,2020,D
1268,1269,Dairy,SilverLake,369.28,13.22,23,2020,b
1269,1270,Produce,YumMie,536.38,4.26,21,2015,D
1270,1271,Produce,GoldTree,612.07 grams,8.05,21,2020,c
1271,1272,Dairy,TopBrand,287.09,12.85,20,2015,d
1272,1273,Snacks,TastyTreat,410.35,9.36,18,2020,C
1273,1274,Snacks,StandardYums,415.62 grams,6.45,22,2020,B
1274,1275,Produce,StandardYums,387.8,3.47,28,2015,C
1275,1276,Bakery,SmoothTaste,584.9,9,17,2016,A
1276,1277,Meat,SmoothTaste,444.58,13.83,27,2019,d
1277,1278,Meat,TastyTreat,630.35,13.65,26,2019,C
1278,1279,Bakery,TopBrand,620.15 grams,11.15,14,2018,b
1279,1280,Bakery,StandardYums,459.58,6.83,20,2020,b
1280,1281,Meat,YumMie,489.91,11.95,25,2016,B
1281,1282,Snacks,YumMie,596.41,6.06,18,2018,D
1282,1283,Produce,SilverLake,343.67 grams,7.95,22,2019,b
1283,1284,Produce,SilverLake,455,8.24,23,,D
1284,1285,Meat,SmoothTaste,536.01,13.67,27,2015,B
1285,1286,Produce,TopBrand,564.77,7.89,19,2015,C
1286,1287,Snacks,YumMie,380.06,5.87,18,2015,B
1287,1288,Meat,GoldTree,450.43,15.97,26,2017,d
1288,1289,Bakery,YumMie,353.74 grams,7.14,16,2016,B
1289,1290,Produce,GoldTree,485.37,8.05,21,2018,A
1290,1291,Meat,SmoothTaste,573.55 grams,13.9,26,2015,a
1291,1292,Snacks,TastyTreat,541.54,7.97,18,2020,C
1292,1293,Produce,SilverLake,328.28,8.02,22,2022,a
1293,1294,Snacks,YumMie,524.45 grams,6.11,18,2017,B
1294,1295,Produce,SmoothTaste,571,5.9,22,2019,b
1295,1296,Bakery,SmoothTaste,429.81 grams,9.25,18,2016,A
1296,1297,Bakery,YumMie,578.58,7.01,16,2018,a
1297,1298,Produce,TopBrand,498.1,8.15,19,2022,C
1298,1299,Snacks,SmoothTaste,616.09,7.78,19,2021,B
1299,1300,Dairy,SilverLake,582.93,12.91,23,2017,b
1300,1301,Meat,TopBrand,582.02 grams,15.88,24,2021,D
1301,1302,Bakery,StandardYums,405.89 grams,6.57,21,2017,b
1302,1303,Produce,TastyTreat,340.68,6.13,21,2022,C
1303,1304,Meat,SilverLake,652.55,16.07,27,2018,C
1304,1305,Meat,TopBrand,710.98,15.86,23,2017,A
1305,1306,Produce,GoldTree,522.05,7.98,21,2020,D
1306,1307,Meat,-,445.84 grams,15.86,23,2019,b
1307,1308,Bakery,TopBrand,409.36,10.84,14,2016,C
1308,1309,Meat,SilverLake,654.4,15.72,27,2015,b
1309,1310,Meat,GoldTree,674.63,16.1,26,2016,a
1310,1311,Dairy,TopBrand,307.94,13.35,20,2019,B
1311,1312,Snacks,SmoothTaste,480.41,7.62,19,2021,D
1312,1313,Meat,SilverLake,500.81 grams,15.86,27,2022,D
1313,1314,Produce,TopBrand,412.72 grams,7.82,19,2021,D
1314,1315,Bakery,YumMie,444.44 grams,6.85,16,2016,A
1315,1316,Meat,GoldTree,506.07 grams,16.2,26,2015,D
1316,1317,Meat,SmoothTaste,585.17,14.08,26,2022,D
1317,1318,Meat,SilverLake,683,16.04,27,2021,B
1318,1319,Meat,TastyTreat,661.27,13.95,26,2020,a
1319,1320,Produce,GoldTree,503.56,7.78,21,,A
1320,1321,Produce,GoldTree,578.14,7.91,21,2022,b
1321,1322,Produce,SmoothTaste,603.29 grams,5.46,22,2019,C
1322,1323,Dairy,GoldTree,719.73,12.97,22,2017,d
1323,1324,Dairy,YumMie,387.54 grams,9.04,22,2015,b
1324,1325,Dairy,StandardYums,390.96,8.63,27,2016,b
1325,1326,Meat,SmoothTaste,401.47 grams,14.42,26,2015,B
1326,1327,Meat,StandardYums,634.96 grams,12.01,30,2020,b
1327,1328,Produce,SilverLake,439.16,8.53,23,2017,C
1328,1329,Snacks,StandardYums,397.08 grams,5.65,22,2019,d
1329,1330,Bakery,YumMie,478.59,7.05,16,2017,d
1330,1331,Dairy,TopBrand,423.17,13.29,20,2016,A
1331,1332,Bakery,TastyTreat,452.42 grams,8.92,16,2019,A
1332,1333,Dairy,GoldTree,729.4,13.05,22,,B
1333,1334,Produce,TopBrand,221.7 grams,7.98,19,2016,b
1334,1335,Dairy,SilverLake,532.54 grams,12.93,24,2016,D
1335,1336,Dairy,TopBrand,505.21,13.22,20,2020,C
1336,1337,Produce,GoldTree,596.11,7.96,21,2018,c
1337,1338,Meat,TastyTreat,389.71,14.7,27,2020,C
1338,1339,Dairy,GoldTree,402.71,13.19,22,2018,D
1339,1340,Produce,GoldTree,462.84,7.82,21,2019,A
1340,1341,Bakery,StandardYums,357.81,6.67,22,,a
1341,1342,Dairy,GoldTree,536.7,13.17,22,2019,B
1342,1343,Bakery,TastyTreat,712.92,9.27,17,,c
1343,1344,Bakery,SmoothTaste,615.94 grams,9.04,18,2021,B
1344,1345,Produce,SilverLake,247,8.02,22,2018,C
1345,1346,Meat,GoldTree,364.56,15.83,26,2017,A
1346,1347,Bakery,SilverLake,510.32,10.93,18,2017,B
1347,1348,Bakery,GoldTree,642.98 grams,11.03,16,2017,B
1348,1349,Produce,GoldTree,490.26 grams,7.81,21,2016,b
1349,1350,Dairy,GoldTree,541.22,12.8,22,2015,C
1350,1351,Bakery,StandardYums,388.55 grams,6.43,21,2017,B
1351,1352,Meat,SmoothTaste,318.89,14.22,27,2017,C
1352,1353,Meat,SilverLake,432.63,16.04,27,2019,A
1353,1354,Bakery,SmoothTaste,521.3,8.78,18,2015,C
1354,1355,Meat,StandardYums,483.55,11.68,30,2015,B
1355,1356,Dairy,TastyTreat,418.98,10.51,23,2022,B
1356,1357,Meat,SilverLake,561.7,16.44,27,2015,C
1357,1358,Produce,GoldTree,406.5,7.98,21,2021,B
1358,1359,Produce,GoldTree,418.58 grams,7.9,21,,B
1359,1360,Produce,SmoothTaste,473.68 grams,5.78,22,2017,B
1360,1361,Dairy,StandardYums,469.07,8.61,27,2015,C
1361,1362,Meat,SmoothTaste,458.21,14.33,26,2021,b
1362,1363,Produce,SmoothTaste,416.42,6.48,21,2017,b
1363,1364,Dairy,TastyTreat,566.72,10.64,22,,A
1364,1365,Bakery,StandardYums,344.26,7.83,21,2017,A
1365,1366,Meat,TopBrand,654.59,15.55,24,,b
1366,1367,Dairy,TastyTreat,542.87,11.73,22,2018,C
1367,1368,Produce,GoldTree,515.24 grams,8.05,21,2016,d
1368,1369,Produce,TopBrand,609.08,7.74,19,2017,D
1369,1370,Produce,TastyTreat,491.09,6.04,21,2021,C
1370,1371,Bakery,YumMie,546.32,7.05,16,2022,d
1371,1372,Produce,SmoothTaste,463.29 grams,6.23,22,2015,B
1372,1373,Bakery,SilverLake,424.37,10.97,18,2021,C
1373,1374,Bakery,TastyTreat,459.78,9.19,17,,b
1374,1375,Bakery,GoldTree,490.7,10.96,16,2019,A
1375,1376,Meat,TopBrand,363.85 grams,16.16,24,2022,d
1376,1377,Dairy,TopBrand,589.53,13.37,20,2017,C
1377,1378,Dairy,TastyTreat,514.94,11.37,22,2016,b
1378,1379,Dairy,SmoothTaste,594.62,10.71,23,2015,d
1379,1380,Snacks,StandardYums,202.07,5.61,22,2019,C
1380,1381,Produce,SmoothTaste,535.06,5.82,22,2017,d
1381,1382,Meat,SilverLake,746.32,16.1,27,2015,D
1382,1383,Produce,GoldTree,483.44,8.01,21,2019,a
1383,1384,Meat,TopBrand,502.76,15.78,24,2019,D
1384,1385,Snacks,YumMie,350.37 grams,5.83,18,2017,c
1385,1386,Produce,StandardYums,464.03,6.28,25,2017,C
1386,1387,Produce,SmoothTaste,401.18,5.67,22,2020,D
1387,1388,Dairy,TopBrand,460.75,12.97,20,2015,C
1388,1389,Produce,SilverLake,586.33,8.14,22,2021,b
1389,1390,Produce,SmoothTaste,425.26 grams,5.84,22,2022,D
1390,1391,Bakery,SmoothTaste,616.57 grams,10.02,17,2022,b
1391,1392,Snacks,StandardYums,399.04 grams,5.9,22,2020,C
1392,1393,Produce,SmoothTaste,302.94 grams,6.19,21,2017,c
1393,1394,Dairy,SilverLake,395.49,13.59,24,2015,B
1394,1395,Meat,SilverLake,511.36,16.11,27,,c
1395,1396,Bakery,TopBrand,351.41,10.94,14,2020,D
1396,1397,Meat,TopBrand,503.31,15.73,23,2015,c
1397,1398,Snacks,TopBrand,669.09,10,16,2018,A
1398,1399,Produce,TastyTreat,440.14 grams,5.61,21,2016,B
1399,1400,Meat,SilverLake,575.36 grams,15.55,27,2015,D
1400,1401,Bakery,SmoothTaste,409.16,8.74,18,2021,a
1401,1402,Bakery,TopBrand,571.63 grams,11.04,15,2021,A
1402,1403,Dairy,StandardYums,573.48 grams,9.15,26,2017,D
1403,1404,Dairy,StandardYums,532.07 grams,8.54,26,2018,D
1404,1405,Dairy,TopBrand,673.49,12.61,20,2022,d
1405,1406,Snacks,YumMie,398.51,6.32,17,,a
1406,1407,Dairy,StandardYums,499.59,9.16,28,2022,d
1407,1408,Dairy,-,628.38 grams,10.67,23,2017,D
1408,1409,Dairy,SilverLake,505.4,12.92,23,2016,A
1409,1410,Meat,SmoothTaste,475.1 grams,14.02,27,2017,C
1410,1411,Dairy,SilverLake,607.85 grams,12.76,23,,D
1411,1412,Produce,GoldTree,336.73,7.84,21,2020,D
1412,1413,Produce,SilverLake,503.55,7.8,22,,B
1413,1414,Bakery,SmoothTaste,330.29,8.79,17,2022,d
1414,1415,Produce,GoldTree,401.82,8.09,21,2020,A
1415,1416,Bakery,TastyTreat,436.61,8.72,17,2020,D
1416,1417,Bakery,StandardYums,432.66 grams,7.62,21,,C
1417,1418,Meat,TopBrand,749.53,15.83,24,2020,D
1418,1419,Produce,GoldTree,557.05 grams,7.98,21,2022,B
1419,1420,Meat,SmoothTaste,561.89,13.6,27,2016,A
1420,1421,Meat,GoldTree,631.22,16.03,25,2018,B
1421,1422,Bakery,SmoothTaste,537.29 grams,9.26,17,2020,B
1422,1423,Snacks,TastyTreat,584.52 grams,7.6,18,2017,d
1423,1424,Dairy,StandardYums,613.04,8.61,26,2022,A
1424,1425,Dairy,TopBrand,405.51 grams,12.87,20,2019,a
1425,1426,Dairy,SilverLake,522.26 grams,13.1,23,2019,c
1426,1427,Bakery,StandardYums,568.43,6.26,20,2020,A
1427,1428,Produce,TopBrand,398.92 grams,8.04,19,2020,a
1428,1429,Meat,GoldTree,681.53,15.94,26,2021,D
1429,1430,Produce,GoldTree,465.16,8.24,21,2017,d
1430,1431,Dairy,StandardYums,468.03,9.5,26,2018,c
1431,1432,Snacks,StandardYums,559.68,6.6,23,2019,B
1432,1433,Dairy,YumMie,395.83,8.79,22,2018,b
1433,1434,Dairy,StandardYums,526.74,9.15,26,2022,D
1434,1435,Bakery,TopBrand,407.87,10.84,14,2018,D
1435,1436,Dairy,SmoothTaste,626.17,10.91,23,,C
1436,1437,Bakery,TopBrand,655.45,10.91,14,2022,D
1437,1438,Bakery,TopBrand,506.38 grams,10.86,14,2021,A
1438,1439,Produce,TopBrand,526.51 grams,7.93,19,2016,d
1439,1440,Produce,GoldTree,553.81 grams,8.21,21,2017,d
1440,1441,Bakery,TastyTreat,607.47,9.35,17,2015,b
1441,1442,Bakery,GoldTree,617.2,10.92,16,2019,b
1442,1443,Dairy,SmoothTaste,676.7,11.15,23,2021,B
1443,1444,Bakery,SmoothTaste,462.45 grams,9.19,18,2016,D
1444,1445,Bakery,TastyTreat,528.86 grams,8.59,16,2021,A
1445,1446,Dairy,GoldTree,555.69,13.01,22,2017,B
1446,1447,Produce,StandardYums,407.21,5.38,26,2021,B
1447,1448,Bakery,YumMie,552.8,7.2,16,2015,A
1448,1449,Snacks,StandardYums,295.97 grams,6.98,22,2017,B
1449,1450,Dairy,-,352.55 grams,13.39,23,2021,C
1450,1451,Produce,SilverLake,549.19 grams,7.88,23,2016,A
1451,1452,Produce,GoldTree,464.76,8.19,21,2018,A
1452,1453,Produce,GoldTree,638.81 grams,7.98,21,2020,a
1453,1454,Dairy,StandardYums,413.76,8.47,26,,B
1454,1455,Dairy,-,535.33 grams,10.6,23,2021,D
1455,1456,Snacks,SmoothTaste,504.16 grams,7.46,19,2016,D
1456,1457,Produce,SilverLake,569.86,7.57,22,2021,A
1457,1458,Meat,TastyTreat,510.26,14.43,26,,b
1458,1459,Meat,GoldTree,468.73,15.93,25,2022,C
1459,1460,Bakery,StandardYums,468.69,8.14,21,2017,A
1460,1461,Dairy,SmoothTaste,469.19,11.91,23,2019,D
1461,1462,Bakery,YumMie,297.34 grams,7.07,16,2020,D
1462,1463,Produce,TopBrand,487.31,7.64,19,2018,c
1463,1464,Meat,TastyTreat,641.56,14.16,25,2020,c
1464,1465,Snacks,SmoothTaste,374.78,7.96,20,2021,c
1465,1466,Produce,GoldTree,724.65,8.06,21,2018,B
1466,1467,Produce,GoldTree,555.46,7.92,21,2015,C
1467,1468,Meat,SilverLake,582.28,15.77,28,2022,a
1468,1469,Bakery,SmoothTaste,521.2 grams,9.61,17,2022,C
1469,1470,Meat,TastyTreat,479.28,13.72,27,2015,C
1470,1471,Bakery,StandardYums,477.31 grams,7.5,20,2020,C
1471,1472,Produce,GoldTree,642.1 grams,8.08,21,2015,d
1472,1473,Dairy,TopBrand,453.71,13.69,20,2015,B
1473,1474,Bakery,SmoothTaste,529.05,8.78,17,2018,D
1474,1475,Dairy,SmoothTaste,549.01,10.9,23,2019,b
1475,1476,Snacks,TastyTreat,479.23 grams,7.84,19,2019,A
1476,1477,Dairy,TastyTreat,531.52,12.44,22,2016,C
1477,1478,Snacks,SmoothTaste,340.51 grams,8.21,18,2018,d
1478,1479,Dairy,GoldTree,406.17 grams,12.94,22,,A
1479,1480,Produce,GoldTree,362.4,8.01,21,2015,C
1480,1481,Dairy,GoldTree,357.07,12.97,22,2022,A
1481,1482,Bakery,TastyTreat,419.75,8.68,17,2021,C
1482,1483,Meat,GoldTree,570.33,15.91,25,2016,D
1483,1484,Produce,SmoothTaste,397.9,6.05,22,2021,a
1484,1485,Produce,GoldTree,475.02 grams,8.34,21,2022,d
1485,1486,Snacks,SmoothTaste,577.97,7.82,18,,B
1486,1487,Snacks,YumMie,363.55 grams,5.95,18,2016,B
1487,1488,Produce,GoldTree,418.2 grams,8.07,21,2019,B
1488,1489,Produce,SilverLake,464.5 grams,7.89,23,,d
1489,1490,Dairy,GoldTree,618.44,12.95,22,2022,A
1490,1491,Produce,SmoothTaste,313.5,5.92,22,2016,B
1491,1492,Meat,GoldTree,535.13 grams,15.86,26,2022,d
1492,1493,Snacks,SmoothTaste,713.33,7.82,19,2018,B
1493,1494,Bakery,YumMie,393.49,6.85,16,2017,C
1494,1495,Meat,GoldTree,537.49,15.99,26,2021,C
1495,1496,Produce,StandardYums,338.36,3.53,25,2016,D
1496,1497,Bakery,TastyTreat,486.37,8.87,17,2017,B
1497,1498,Dairy,YumMie,557.45,9.08,22,2015,B
1498,1499,Meat,StandardYums,493.36,12.37,30,2022,a
1499,1500,Meat,TastyTreat,615.84,14.78,27,2022,A
1500,1501,Meat,SilverLake,543.02,16.58,27,2016,A
1501,1502,Snacks,GoldTree,482.16 grams,10.28,18,2021,A
1502,1503,Dairy,SilverLake,511.94,13.02,24,2017,D
1503,1504,Bakery,TopBrand,527.9,11.23,14,2018,A
1504,1505,Dairy,YumMie,435.6,8.94,22,,b
1505,1506,Dairy,SilverLake,397.82,12.84,24,2017,a
1506,1507,Meat,TastyTreat,509.64,14.88,26,2020,B
1507,1508,Bakery,SmoothTaste,499.9 grams,8.54,18,2019,D
1508,1509,Dairy,SmoothTaste,560.08,11.21,23,2016,D
1509,1510,Produce,GoldTree,592.12,8.16,21,2019,A
1510,1511,Dairy,TopBrand,476.67,12.88,20,2019,B
1511,1512,Bakery,YumMie,441 grams,7.15,17,2018,D
1512,1513,Meat,GoldTree,502.29,15.95,25,2016,b
1513,1514,Meat,SilverLake,390.16 grams,16.08,27,2017,B
1514,1515,Bakery,StandardYums,455.14 grams,7.55,22,2020,A
1515,1516,Produce,GoldTree,584.44,7.98,21,2018,C
1516,1517,Dairy,GoldTree,442.86,13.01,22,2018,B
1517,1518,Produce,TastyTreat,332.35,5.76,21,2017,D
1518,1519,Produce,SilverLake,587.09 grams,7.99,22,2018,D
1519,1520,Dairy,SmoothTaste,446.01,11.08,23,2018,A
1520,1521,Dairy,GoldTree,413.79,13.04,22,2019,B
1521,1522,Produce,TastyTreat,417.15,5.99,22,2017,B
1522,1523,Meat,SmoothTaste,580.32,13.93,26,2018,C
1523,1524,Produce,TopBrand,538.08 grams,8.11,19,2020,A
1524,1525,Meat,TastyTreat,356.93,14.07,26,2015,C
1525,1526,Produce,SmoothTaste,273.49,5.75,22,2016,B
1526,1527,Produce,GoldTree,431.83,7.97,21,2015,c
1527,1528,Bakery,SilverLake,676.85 grams,11.48,18,2017,B
1528,1529,Produce,TopBrand,467.3,8.57,19,2015,d
1529,1530,Meat,TopBrand,329.13 grams,15.96,23,,B
1530,1531,Produce,GoldTree,512.42 grams,8.08,21,2021,D
1531,1532,Meat,SmoothTaste,674.68,13.77,26,2021,B
1532,1533,Bakery,GoldTree,534.23,10.91,16,2017,B
1533,1534,Produce,StandardYums,454.45,4.49,26,2021,D
1534,1535,Meat,GoldTree,617.21 grams,16.11,25,2020,C
1535,1536,Snacks,StandardYums,498.67,7.04,22,,C
1536,1537,Meat,TastyTreat,546.06 grams,14.07,25,2021,C
1537,1538,Snacks,YumMie,407.33 grams,5.92,17,2020,D
1538,1539,Produce,-,617.09,6.52,21,2022,A
1539,1540,Dairy,StandardYums,489.73,9.1,26,2017,B
1540,1541,Snacks,YumMie,548.4 grams,6.09,18,2022,D
1541,1542,Produce,GoldTree,508.23,7.83,21,2020,b
1542,1543,Meat,GoldTree,435.54,16.05,26,2022,d
1543,1544,Dairy,GoldTree,542.53,12.96,22,2021,D
1544,1545,Meat,YumMie,512.03 grams,11.85,26,2017,D
1545,1546,Meat,TopBrand,435.2 grams,15.89,23,2022,a
1546,1547,Dairy,TopBrand,646.93,12.96,20,2017,A
1547,1548,Dairy,StandardYums,707.19,8.79,26,2022,d
1548,1549,Produce,SilverLake,409 grams,7.85,23,2021,D
1549,1550,Produce,GoldTree,557.96,7.92,21,2022,C
1550,1551,Produce,TopBrand,376.83,7.81,19,2021,C
1551,1552,Meat,SmoothTaste,338.12,13.49,27,2022,d
1552,1553,Produce,TopBrand,419.09,8.29,19,2015,A
1553,1554,Meat,TopBrand,360.55,16.02,24,2022,b
1554,1555,Dairy,TopBrand,369.58,13.38,20,2017,D
1555,1556,Produce,SilverLake,394.24,7.73,23,2018,A
1556,1557,Bakery,StandardYums,398.66,6.87,21,2015,C
1557,1558,Produce,TopBrand,594.34 grams,8.54,19,2021,a
1558,1559,Dairy,SilverLake,456.31,13.11,23,2020,C
1559,1560,Bakery,TastyTreat,572.55,9.26,16,2018,c
1560,1561,Dairy,TopBrand,524.56,13.05,20,2021,D
1561,1562,Produce,TastyTreat,413.24,6.07,22,2015,A
1562,1563,Dairy,StandardYums,369.72,10.17,26,2017,c
1563,1564,Meat,GoldTree,536.45,16.2,26,2018,b
1564,1565,Produce,TopBrand,540.74,7.74,19,2021,b
1565,1566,Produce,SmoothTaste,362.32,5.54,22,2020,C
1566,1567,Produce,GoldTree,414.6 grams,8.03,21,2016,D
1567,1568,Snacks,TopBrand,529.7,10.72,16,2022,b
1568,1569,Bakery,TopBrand,409.52,11.18,15,2021,A
1569,1570,Bakery,TopBrand,352.91 grams,11.63,14,2020,b
1570,1571,Bakery,SilverLake,604.99,11,18,2018,a
1571,1572,Snacks,TastyTreat,519.24,7.94,18,2018,D
1572,1573,Produce,SilverLake,515.03,8.22,23,,B
1573,1574,Meat,SilverLake,537.11,15.87,27,2015,C
1574,1575,Dairy,TastyTreat,592.26,11.27,22,2017,D
1575,1576,Bakery,YumMie,666.41,7.09,16,2022,B
1576,1577,Produce,GoldTree,617.85,8.01,21,2019,D
1577,1578,Bakery,GoldTree,500.9,11.01,16,,d
1578,1579,Snacks,YumMie,650.21,6.15,17,2016,A
1579,1580,Bakery,TastyTreat,345.44,9.16,16,2018,B
1580,1581,Produce,TopBrand,368.85 grams,8.11,19,2017,A
1581,1582,Produce,StandardYums,385.93,3.46,25,2020,D
1582,1583,Bakery,YumMie,537.37,6.73,16,2018,A
1583,1584,Produce,GoldTree,324.25,8.12,21,2021,C
1584,1585,Bakery,TopBrand,565.47 grams,10.91,15,,B
1585,1586,Produce,SilverLake,620.13,8.15,22,2022,c
1586,1587,Produce,TopBrand,443.46 grams,8.34,19,2018,d
1587,1588,Dairy,SilverLake,519.71,13.18,24,2016,B
1588,1589,Meat,YumMie,469.29,11.66,26,2016,A
1589,1590,Dairy,StandardYums,464.95,9.55,26,,A
1590,1591,Produce,SilverLake,664.88,7.89,23,2017,B
1591,1592,Produce,SmoothTaste,399.24 grams,6.63,22,2022,c
1592,1593,Bakery,SilverLake,402.35 grams,11.04,18,2021,B
1593,1594,Produce,SmoothTaste,554.79 grams,5.71,21,2021,a
1594,1595,Produce,TopBrand,525.69,7.73,20,2020,D
1595,1596,Produce,SilverLake,506.06,7.95,23,2016,A
1596,1597,Bakery,SilverLake,686.43 grams,11.02,18,2019,d
1597,1598,Dairy,SilverLake,386.86,12.87,23,2021,A
1598,1599,Meat,GoldTree,415.32,16.1,26,2016,C
1599,1600,Meat,SmoothTaste,472.07,14.11,27,,D
1600,1601,Dairy,StandardYums,696.22,8.65,27,2020,d
1601,1602,Snacks,YumMie,390.58,6.26,18,2019,c
1602,1603,Snacks,YumMie,391.73,6.25,18,2020,d
1603,1604,Dairy,TopBrand,489.54 grams,12.81,20,,A
1604,1605,Bakery,TopBrand,526.78,10.72,14,2017,D
1605,1606,Snacks,StandardYums,394.07,6.73,22,,a
1606,1607,Dairy,TastyTreat,401.94,12.62,22,,B
1607,1608,Produce,GoldTree,409.44,7.98,21,2016,b
1608,1609,Produce,TastyTreat,645.87,6.18,21,2018,C
1609,1610,Bakery,TastyTreat,450.17,10.03,16,2019,c
1610,1611,Produce,GoldTree,534.51 grams,7.91,21,2015,A
1611,1612,Produce,SilverLake,426.82,8.35,23,2015,C
1612,1613,Produce,TastyTreat,545.6 grams,6.98,22,2018,C
1613,1614,Dairy,TastyTreat,477.36,11.53,22,2018,D
1614,1615,Meat,TopBrand,578.88 grams,15.9,23,2021,C
1615,1616,Produce,SmoothTaste,498.66,6.04,22,2015,B
1616,1617,Meat,GoldTree,483.93,15.92,25,2022,a
1617,1618,Produce,TopBrand,426.12 grams,8.06,19,2015,D
1618,1619,Meat,TastyTreat,460.41,14.04,28,2018,b
1619,1620,Snacks,TastyTreat,312.32,8.01,18,2017,B
1620,1621,Snacks,YumMie,487.79,6.09,18,2022,A
1621,1622,Meat,GoldTree,450.7,16.05,26,2016,B
1622,1623,Dairy,TastyTreat,267.3,11.69,22,2017,A
1623,1624,Produce,SmoothTaste,480.62 grams,5.96,21,2015,C
1624,1625,Dairy,YumMie,285.23,8.9,22,,d
1625,1626,Meat,SmoothTaste,585.62 grams,14.1,26,2021,C
1626,1627,Produce,TastyTreat,493.55 grams,5.89,21,2021,D
1627,1628,Dairy,SilverLake,458.26,13.58,23,2021,A
1628,1629,Dairy,StandardYums,450.61,8.33,26,2016,B
1629,1630,Bakery,YumMie,387.86 grams,7.42,17,2016,D
1630,1631,Produce,GoldTree,582.84 grams,8.07,21,2020,B
1631,1632,Snacks,TastyTreat,550.68 grams,8.05,19,2022,b
1632,1633,Produce,GoldTree,608.37,7.96,21,2019,d
1633,1634,Meat,TopBrand,549.59,16.55,24,2020,C
1634,1635,Produce,GoldTree,501.87 grams,7.9,21,2016,D
1635,1636,Meat,TastyTreat,554.41,13.67,26,,B
1636,1637,Produce,TopBrand,466.17,7.97,19,2016,D
1637,1638,Dairy,StandardYums,388.84,8.53,26,2018,C
1638,1639,Meat,SilverLake,785.57,16.39,28,2015,C
1639,1640,Produce,GoldTree,378.25,8.16,21,2015,B
1640,1641,Bakery,YumMie,632.04,7.05,16,,D
1641,1642,Meat,GoldTree,432.21,15.96,25,2022,D
1642,1643,Bakery,TastyTreat,443.89,9.12,17,2022,b
1643,1644,Dairy,SilverLake,514.49 grams,13.11,23,2015,B
1644,1645,Dairy,GoldTree,519.72,12.99,22,2021,B
1645,1646,Dairy,SilverLake,538.05,12.87,23,2016,D
1646,1647,Dairy,GoldTree,502.74,13.16,22,2016,C
1647,1648,Dairy,GoldTree,392.45,13.11,22,2022,d
1648,1649,Dairy,StandardYums,704.12 grams,8.81,27,2016,a
1649,1650,Bakery,SilverLake,415.91,10.8,18,2017,c
1650,1651,Produce,SilverLake,548.71 grams,8.28,22,2019,B
1651,1652,Meat,GoldTree,439.41 grams,16.14,26,2022,A
1652,1653,Snacks,YumMie,519.26,6.17,18,2018,B
1653,1654,Dairy,TastyTreat,399.05 grams,11.11,22,2020,A
1654,1655,Dairy,StandardYums,487.41 grams,9.2,27,2021,A
1655,1656,Produce,StandardYums,629.7 grams,3.67,25,2020,B
1656,1657,Meat,GoldTree,476.96 grams,15.86,25,2016,d
1657,1658,Meat,TastyTreat,486.56 grams,14.46,26,2019,d
1658,1659,Produce,TastyTreat,425.57,5.94,21,2019,D
1659,1660,Meat,StandardYums,559.39,11.98,30,2016,B
1660,1661,Meat,SmoothTaste,509.69,14.24,26,,A
1661,1662,Bakery,StandardYums,447.48,7.22,21,2015,D
1662,1663,Dairy,GoldTree,562.6,13.05,22,2015,D
1663,1664,Produce,GoldTree,436.65,7.99,21,2016,C
1664,1665,Produce,GoldTree,478.16,7.88,21,2022,B
1665,1666,Dairy,GoldTree,570.36,13.14,22,2022,D
1666,1667,Meat,GoldTree,465.9,15.91,26,2017,D
1667,1668,Bakery,SmoothTaste,298.13,9.04,17,2015,C
1668,1669,Meat,TopBrand,767.52,15.99,24,2022,a
1669,1670,Meat,TopBrand,571.67 grams,16,24,2015,c
1670,1671,Produce,GoldTree,541.26,8.02,21,2021,A
1671,1672,Produce,GoldTree,441.9,7.95,21,,D
1672,1673,Bakery,GoldTree,413.57 grams,11.07,16,,A
1673,1674,Bakery,TopBrand,364.79,10.86,14,2018,A
1674,1675,Snacks,SmoothTaste,461.79,8.05,19,2020,b
1675,1676,Bakery,StandardYums,502.49 grams,6.92,21,2017,D
1676,1677,Produce,GoldTree,562.41,7.99,21,2021,a
1677,1678,Bakery,TopBrand,453.55 grams,10.9,15,2017,c
1678,1679,Snacks,SmoothTaste,638.64,8.11,19,2022,d
1679,1680,Meat,SmoothTaste,618.63,14.44,26,2019,A
1680,1681,Produce,SilverLake,425.89,7.67,22,2021,A
1681,1682,Produce,GoldTree,617.38 grams,8.09,21,2022,A
1682,1683,Produce,SilverLake,370.43,7.96,23,2022,a
1683,1684,Dairy,SilverLake,420.41,13.47,24,2018,d
1684,1685,Produce,GoldTree,555.93,8.07,21,2018,A
1685,1686,Meat,GoldTree,658.6 grams,16.07,25,,D
1686,1687,Snacks,StandardYums,521.67,6.12,22,2018,C
1687,1688,Produce,SilverLake,387.22 grams,8.11,22,2015,D
1688,1689,Dairy,SilverLake,566.17,12.92,24,2017,D
1689,1690,Bakery,StandardYums,407.41,7.38,21,2015,a
1690,1691,Snacks,TastyTreat,588.59 grams,8.33,18,2016,a
1691,1692,Bakery,StandardYums,551.86 grams,6.62,21,2021,c
1692,1693,Meat,SilverLake,561.89 grams,15.98,28,2022,D
1693,1694,Meat,GoldTree,525.51,16,25,2021,B
1694,1695,Dairy,TopBrand,376.55,12.88,20,2022,B
1695,1696,Meat,TastyTreat,503.99 grams,14.08,25,2017,A
1696,1697,Meat,GoldTree,526.89,16.13,25,2016,D
1697,1698,Bakery,YumMie,583.85,7.05,16,2021,a
1698,1699,Produce,TopBrand,441.64,8.1,19,2019,A
1699,1700,Meat,TopBrand,518.6,15.89,24,2021,A
